"STATION","DATE","LATITUDE","LONGITUDE","ELEVATION","NAME","IMMA_VER","ATTM_CT","TIME_IND","LL_IND","SHIP_COURSE","SHIP_SPD","ID_IND","WIND_DIR_IND","WIND_DIR","WIND_SPD_IND","WIND_SPEED","VV_IND","VISIBILITY","PRES_WX","PAST_WX","SEA_LVL_PRES","CHAR_PPP","AMT_PRES_TEND","IND_FOR_TEMP","AIR_TEMP","IND_FOR_WBT","WET_BULB_TEMP","DEW_PT_TEMP","SST_MM","SEA_SURF_TEMP","TOT_CLD_AMT","LOW_CLD_AMT","LOW_CLD_TYPE","CLD_HGT","MID_CLD_TYPE","HI_CLD_TYPE","WAVE_DIR","WAVE_PERIOD","WAVE_HGT","SWELL_DIR","SWELL_PERIOD","SWELL_HGT","TEN_BOX_NUM","ONE_BOX_NUM","DECK","SOURCE_ID","PLATFORM_ID","DUP_STATUS","DUP_CHK","NIGHT_DAY_FLAG","TRIM_FLAG","NCDC_QC_FLAGS","OB_SOURCE","STA_WX_IND","PAST_WX2","DIR_OF_SWELL2","PER_OF_SWELL2","HGT_OF_SWELL2","RATE_OF_I","CONCEN_OF_SEA_ICE","STAGE_OF_DEVELP","ICE_OF_LAND_ORIGIN","TRUE_BEARING_ICE_EDGE","ICE_SIT_TREND","IND_FOR_PRECIP"
"TBWUK99","2020-02-01T00:00:00","-4.20","110.60",,,"1","4","0","0","2","4","1","0","300","3","41",,"98",,,"10109",,,"0","280","0","265","259",,,"4",,,"A",,,,,,"0",,,"333","40","992","114","5","1","2","2","F11111","111AA1111A1A3A",,"1",,"0",,,,,,,,,"4"
"VRDJ3","2020-02-01T00:00:00","-6.60","116.60",,,"1","4","0","0","5","3","1","0","300","1","120",,"98","64","6","10060","2","20","0","270","0","260","256","1","293","8","6","8","3","1","A",,"3","1","29","6","2","333","66","992","114","5","1","2","2","111111","14131111111411",,"1","2",,,,,,,,,,"4"
"VRRB6","2020-02-01T02:00:00","-2.70","119.60",,,"1","4","0","0","8","3","1","0","350","4","77",,"97","2","0","10150","1",,"0","270","0","250","243","1","280","5","5","8","6","8","A",,"6","2","35",,,"333","29","992","114","5","1","2","2","111151","11111111111177",,"1","0",,,,"0","0","A","0","A","A","4"
"VRRB6","2020-02-01T03:00:00","-2.90","119.60",,,"1","4","0","0","8","3","1","0","350","4","77",,"97","2","0","10150","1",,"0","270","0","250","243","1","280","5","5","8","6","8","A",,"6","2","35",,,"333","29","992","114","5","1","2","2","111151","11111111111177",,"1","0",,,,"0","0","A","0","A","A","4"
"TBWUK99","2020-02-01T04:00:00","-4.60","111.60",,,"1","5","2","5","2","4","1",,"40","3","77","1","98",,"2","10103","0","3","8","290",,"270","262",,,"6","6","5","A","6","A",,"4","1",,,,"333","41","798","172","5","1","2","2","F12111","111A11111A11A1","5",,"2",,,,,,,,,,
"VRRB6","2020-02-01T04:00:00","-3.10","119.60",,,"1","6","2","5","8","3","1",,"350","4","77","1","97","2","0","10150","4","0","8","270",,"250","243","1","280","5","5","8","6","8","A",,"6","2","35","8","3","333","39","798","172","5","1","2","2","111151","1111111111117A","5",,"0",,,,,"0",,"0",,,
"CQAI7","2020-02-01T06:00:00","-9.90","115.90",,,"1","6","2","5","8","3","1",,"180",,"31","1","98","3","2","10090","4","0","8","290","0","235","208","3","310","6","5","1","5","0","5","18","5","0","21","12","2","333","95","798","172","5","0",,"2","111114","11111111111111","5",,"2",,,,,,,,,,
"VRDJ3","2020-02-01T06:00:00","-8.40","115.80",,,"1","4","0","0","4","4","1","0","230","4","41",,"98","2","2","10033","8","27","0","312","0","269","239","3","299","6","6","2","4","7","7",,"0","0","0","0","0","333","85","992","114","5","1","2","2","111122","11111111111111",,"1","2",,,,,,,,,,"4"
"C6BC9","2020-02-01T10:00:00","-4.30","110.80",,,"1","6","2","5","2","4","1",,"70","3","62","1","98","50","5","10090","3","6","8","290",,"260","248","1","300","8","6","8","4","6","8",,,,,,,"333","40","798","172","5","1","2","2","112111","11111111111AA1","5",,"2",,,,,,,,,,
"TBWUK99","2020-02-01T12:00:00","-5.40","113.60",,,"1","4","0","0","2","3","1","0","50","3","51",,"98",,,"10110",,,"0","290","0","275","269",,,"3",,,"A",,,,,,"0",,,"333","53","992","114","5","1","2","1","F11111","111AA1111A1A3A",,"1",,"0",,,,,,,,,"4"
"VRDJ3","2020-02-01T12:00:00","-9.60","115.80",,,"1","6","2","5","4","3","1",,"220","4","57","1","98","1","2","10060","2","30","8","295",,"255","238","3","295","6","4","1","2","1","0",,,,,,,"333","95","798","172","5","1","2","1","111111","11111111111AA1","5",,"2",,,,,,,,,,
"C6BC9","2020-02-01T14:00:00","-4.70","112.00",,,"1","6","2","5","2","4","1",,"30","3","62","1","98","2","2","10117","1","20","8","280",,"250","237","1","290",,,"A",,"A","A",,,,,,,"333","42","798","172","5","1","2","1","111111","11111111118AA1","5",,"2",,,,,,,,,,
"VRRB5","2020-02-01T17:00:00","-0.80","119.40",,,"1","6","2","5","1","3","1",,"180","4","36","1","97",,"0","10120","4","0","8","320",,"270","250","1","290","4","4","1","5","A","A",,"10","3","16","10","3","333","9","798","172","5","1","2","1","151111","111A1111111111","5",,"0",,,,,,,,,,
"C6BC9","2020-02-01T18:00:00","-5.30","113.10",,,"1","6","2","5","3","4","1",,"140","3","77","1","98",,"2","10100","8","18","8","280",,"250","237","1","290","6","6","A","A","A","A",,,,,,,"333","53","798","172","5","1","2","1","111511","111A1111111AA1","5",,"2",,,,,,,,,,
"CQAI7","2020-02-01T18:00:00","-7.20","116.40",,,"1","6","2","5","1","3","1",,"270",,"41","1","98","13","2","10100","4","0","8","255","0","230","218","3","290","7","7","2","4","A","A","27","5","1",,,,"333","76","798","172","5","0",,"1","111111","111111111111A1","5",,"2",,,,,,,,,,
"V7TR6","2020-02-01T18:00:00","-1.90","116.90",,,"1","4","0","0","5","2","1","0","10","4","77",,"97","3","2","10110",,,"0","280","0","260","252","1","260","8","8","7","3","7","A",,,"1","0",,,"333","16","992","114","5","1","2","1","211411","1111111111133A",,"1","2","0",,,,,,,,,"4"
"VRRB5","2020-02-01T18:00:00","-0.90","119.50",,,"1","6","2","5","1","3","1",,"180","4","36","1","97",,"0","10120","4","0","8","320",,"270","250","1","290","4","4","1","5","A","A",,"10","3","16","10","3","333","9","798","172","5","1","2","1","151111","111A1111111111","5",,"0",,,,,,,,,,
"VRRB5","2020-02-01T19:00:00","-1.10","119.60",,,"1","6","2","5","1","3","1",,"180","4","36","1","97",,"0","10120","4","0","8","320",,"270","250","1","290","4","4","1","5","A","A",,"10","3","16","10","3","333","19","798","172","5","1","2","1","151111","111A1111111111","5",,"0",,,,,,,,,,
"VRRB5","2020-02-01T20:00:00","-1.30","119.60",,,"1","6","2","5","1","3","1",,"180","4","36","1","97",,"0","10120","4","0","8","320",,"270","250","1","290","4","4","1","5","A","A",,"10","3","16","10","3","333","19","798","172","5","1","2","1","151111","111A1111111111","5",,"0",,,,,,,,,,
"VRRB5","2020-02-01T21:00:00","-1.60","119.60",,,"1","6","2","5","1","3","1",,"40","3","77","1","98",,"2","10140",,,"8","300",,"250","230","1","280","6","6","2","6","3","A","0","10","0",,"9","1","333","19","798","172","5","1","2","1","111111","111A111111187A","5",,"2",,,,,,,,,,
"C6BC9","2020-02-01T23:00:00","-6.20","114.20",,,"1","4","0","0","3","4","1","0",,"3",,,"98","3","2","10112","1","19","0","280","0","250","237","1","300","7","5","5","5","7","8",,,,,,,"333","64","992","114","5","1","2","2","11FF11","11111111111AA1",,"1","2",,,,,,,,,,"4"
"TBWUK99","2020-02-02T00:00:00","-6.10","116.50",,,"1","4","0","0","2","3","1","0","50","3","51",,"97",,"5","10121",,,"0","280","0","260","252",,,"7",,,"A",,,,,,"0",,,"333","66","992","114","5","1","2","2","F11111","111A11111A1A3A",,"1","5","0",,,,,,,,,"4"
"TBWUK99","2020-02-02T03:00:00","-6.20","117.60",,,"1","5","2","5","2","4","1",,"10","3","41","1","98",,"2","10124","1","4","8","295",,"265","253",,,"7","7","A","A","6","A",,"3","1",,,,"333","67","798","172","5","1","2","2","F11111","111A11111A11A1","5",,"2",,,,,,,,,,
"V7TR6","2020-02-02T03:00:00","-3.60","116.70",,,"1","6","2","5","4","2","1",,"310","4","51","1","97",,,"10130",,,"8","280",,"270","266","1",,,,"A",,"A","A",,,,,,,"333","36","798","172","5","1","2","2","611111","111AA111198AAA","5",,,,,,,,,,,,
"7JPN","2020-02-02T05:00:00","-8.30","115.80",,,"1","4","0","0","1","3","1","0","340","4","57",,"98","3","1","10112",,,"0","320","0","300","293","3","310","6","4","1","4","6","1",,"6","1","0",,,"333","85","992","114","5","1","2","2","131111","1111111111113A",,"1","1","0",,,,,,,,,"4"
"C6BC9","2020-02-02T05:00:00","-7.90","115.70",,,"1","4","0","0","4","4","1","0","350","3","77",,"98",,"1","10105","8","20","0","320","0","270","250","1","300","5","5","7","2","A","A",,"8","2","38","8","2","333","75","992","114","5","1","2","2","151211","111A1111111111",,"1","1",,,,,,,,,,"4"
"CQAI7","2020-02-02T06:00:00","-4.60","117.60",,,"1","6","2","5","1","3","1",,"320",,"87","1","98","3","2","10090","7","10","8","290","0","250","232","3","290","7","6","2","4","0","8","32","8","2",,,,"333","47","798","172","5","0",,"2","111111","111111111111A1","5",,"2",,,,,,,,,,
"V7TR6","2020-02-02T06:00:00","-4.00","116.40",,,"1","4","0","0","5","2","1","0","10","4","82",,"97","3","2","10110",,,"0","300","0","280","273","1","260","6","6","5","6","9","2",,,"1","0",,,"333","46","992","114","5","1","2","2","111211","1111111111133A",,"1","2","0",,,,,,,,,"4"
"C6BC9","2020-02-02T11:00:00","-9.90","115.50",,,"1","6","2","5","4","4","1",,"180","3","31","1","98","2","2","10097","3","15","8","300",,"250","228","1","310",,,"A",,"A","A",,,,,,,"333","95","798","172","5","1","2","1","111111","11111111118AA1","5",,"2",,,,,,,,,,
"TBWUK99","2020-02-02T11:00:00","-6.80","119.60",,,"1","4","0","0","3","3","1","0","320","3","51",,"98",,,"10106",,,"0","300","0","280","273",,,"6",,,"A",,,,,,"0",,,"333","69","992","114","5","1","2","1","F11111","111AA1111A1A3A",,"1",,"0",,,,,,,,,"4"
"3FMK7","2020-02-02T12:00:00","-4.70","110.80",,,"1","6","2","5","8","3","1",,"280","4","77","1","98","1","1","10100",,,"8","280",,"260","252","3","270","7","7","4","6","5","6",,"2","2",,,,"333","40","798","172","5","1","2","1","111111","111111111111AA","5",,"1",,,,,,,,,,
"V7TR6","2020-02-02T14:00:00","-4.40","115.20",,,"1","6","2","5","6","2","1",,"280","4","51","1","97",,,"10110",,,"8","290",,"280","276","1",,,,"A",,"A","A",,,,,,,"333","45","798","172","5","1","2","1","611111","111AA111198AAA","5",,,,,,,,,,,,
"V7TR6","2020-02-02T18:00:00","-4.40","114.60",,,"1","4","0","0","6","2","1","0","270","4","82",,"97","3","2","10110",,,"0","280","0","260","252","1","260","8","8","8","5","7","A",,,"1","0",,,"333","44","992","114","5","1","2","1","111111","1111111111133A",,"1","2","0",,,,,,,,,"4"
"V7TR6","2020-02-03T02:00:00","-4.30","113.30",,,"1","6","2","5","6","2","1",,"90","4","51","1","98",,,"10130",,,"8","290",,"280","276","1",,,,"A",,"A","A",,,,,,,"333","43","798","172","5","1","2","2","611111","111AA111198AAA","5",,,,,,,,,,,,
"7JPN","2020-02-03T05:00:00","-4.40","117.80",,,"1","4","0","0","1","2","1","0","360","4","62",,"98","3","1","10108",,,"0","310","0","280","269","3","300","5","4","5","5","7","5",,"11","2","0",,,"333","47","992","114","5","1","2","2","131111","1111111111113A",,"1","1","0",,,,,,,,,"4"
"V7TR6","2020-02-03T06:00:00","-4.30","112.60",,,"1","4","0","0","6","2","1","0","280","4","82",,"97","3","2","10110",,,"0",,"0","300","290","1","260","8","8","7","3","7","A",,,"1","0",,,"333","42","992","114","5","1","2","2","271111","1111111661133A",,"1","2","0",,,,,,,,,"4"
"VRFT7","2020-02-03T06:00:00","-9.20","115.80",,,"1","6","2","5","8","4","1",,,"4","0","1","98","2","2","10096","7","10","8","290",,"280","267","1","291","4","2","4","6","3","1","0","0","0","18","4","2","333","95","798","172","5","1","2","2","111111","12111111111111","5",,"1",,,,,,,,,,
"VRDP4","2020-02-03T07:39:00","-7.05","117.45",,,"1","5","2","5","9",,"1",,,,,,,,,,,,,,,,,,,,,,,,,,,,,,,"333","77","798","172","5","0",,"2","FFFFFF","1AAAAAAAAAAAAA","5",,,,,,,,,,,,
"VRDP4","2020-02-03T11:22:00","-7.47","118.57",,,"1","5","2","5","9",,"1",,,,,,,,,,,,,,,,,,,,,,,,,,,,,,,"333","78","798","172","5","0",,"1","FFFFFF","1AAAAAAAAAAAAA","5",,,,,,,,,,,,
"VRFT7","2020-02-03T12:00:00","-1.60","116.20",,,"1","6","2","5","8","4","1",,"300","4","57","1","98","2","2","10112","2","13","8","290",,"280","267","1","292","4",,"A","A","A","A",,,,,,,"333","16","798","172","5","1","2","1","111111","11111111111AA1","5",,"1",,,,,,,,,,
"V7TR6","2020-02-03T14:00:00","-4.20","111.40",,,"1","6","2","5","6","2","1",,"250","4","51","1","97",,,"10110",,,"8","280",,"270","266","1",,,,"A",,"A","A",,,,,,,"333","41","798","172","5","1","2","1","611111","111AA111198AAA","5",,,,,,,,,,,,
"V7TR6","2020-02-03T18:00:00","-4.10","110.80",,,"1","4","0","0","6","2","1","0","290","4","77",,"97","3","2","10120",,,"0","280","0","260","252","1","260","8","8","7","3","7","A",,,"1","0",,,"333","40","992","114","5","1","2","1","211111","1111111111133A",,"1","2","0",,,,,,,,,"4"
"VRFT7","2020-02-03T18:00:00","-5.90","116.90",,,"1","6","2","5","8","4","1",,"320","4","67","1","98","2","1","10099","7","13","8","290",,"280","267","1","292",,,"A",,"A","A",,,,,,,"333","56","798","172","5","1","2","1","111111","11111111118AA1","5",,"2",,,,,,,,,,
"VRFT7","2020-02-04T00:00:00","-4.40","117.80",,,"1","6","2","5","8","4","1",,"350","1","60","1","98","2","2","10105","2","10","8","290",,"280","263","1","290","7","3","4","6","9","8",,"4","2","36","0","0","333","47","798","172","5","1","2","2","111111","11111111111111","5",,"2",,,,,,,,,,
"MAOR9","2020-02-04T03:00:00","-2.30","118.60",,,"1","6","2","5","4","4","1",,,"4",,"1","98","2","8","10107","8","10","8","310",,"267","250","1","295","7","3","2","5","1","9",,,,,,,"333","28","798","172","5","1","2","2","111611","11111111111AA1","5",,"2",,,,,,,,,,
"7JPN","2020-02-04T04:00:00","-0.50","119.10",,,"1","6","2","5","8","2","1",,"20","4","77","1","98","3","9","10098",,,"8","300","0","270","258","3","290","6","5","0","4","7","2",,"7","4","19","10","22","333","9","798","172","5","1","2","2","111111","1111111111111A","5",,"5",,,,,,,,,,
"9V9450","2020-02-04T04:00:00","-9.60","115.80",,,"1","6","2","5","8","3","1",,"170","4","26","1","98",,"1","10141","4","0","8","300",,"280","273","1",,"4","4","1","7","A","8",,"5","2","22","5","2","333","95","798","172","5","1","2","2","711131","111A1111191111","5",,"1",,,,,,,,,,
"VRDE7","2020-02-04T06:00:00","-6.10","115.80",,,"1","6","2","5","6","3","1",,"150","4","72","1","98",,"1","10080","7","40","8","320",,"270","253","3","320","4","4","1","4","0","0",,"2","1",,,,"333","65","798","172","5","1","2","2","351511","111A11111111A1","5",,"1",,,,,,,,,,
"VRFT7","2020-02-04T06:00:00","-2.80","118.60",,,"1","6","2","5","8","4","1",,"10","4","123","1","98","2","2","10071","7","27","8","290",,"270","263","1","291","3","3","4","4","A","A",,"4","2",,,,"333","28","798","172","5","1","2","2","111411","111111111111A1","5",,"2",,,,,,,,,,
"MAOR9","2020-02-04T08:00:00","-3.80","118.10",,,"1","5","2","5","4","4","1",,,"4",,"1","98","1","1","10070","6","20","8","310",,"270","254",,,"5","3","2","5","4","4",,,,"36","4","2","333","38","798","172","5","1","2","2","F11611","111111111A1A11","5",,"1",,,,,,,,,,
"MAOR9","2020-02-04T09:00:00","-4.00","117.90",,,"1","4","0","0","5","4","1","0","330","3","72",,"98","2","2","10066","5","10","0","300","0","260","243","1","304","7","3","2","5","A","8",,"2","1","0",,,"333","47","992","114","5","1","2","2","111111","11111111111131",,"1","2","0",,,,,,,,,"4"
"VRFT7","2020-02-04T12:00:00","-1.30","118.40",,,"1","6","2","5","8","4","1",,,"4",,"1","98","2","2","10082","2","12","8","290",,,,"1","290",,,"A",,"A","A",,,,,,,"333","18","798","172","5","1","2","1","111611","11111118818AA1","5",,"2",,,,,,,,,,
"9V9450","2020-02-04T13:00:00","-8.10","115.90",,,"1","4","0","0","1","3","1","0","300","4","26",,"97",,"2","10121",,,"0","330","0","290","276","1","320","3",,"2","5","A","A",,"4","0","0",,,"333","85","992","114","5","1","2","1","351111","111A111111113A",,"1","2","0",,,,,,,,,"4"
"9V9450","2020-02-04T15:00:00","-7.50","116.40",,,"1","6","2","5","1","3","1",,"310","4","21","1","98","2","2","10141","2","10","8","280",,"260","252","1",,"7","4","7","3","7","8",,"1","2",,,,"333","76","798","172","5","1","2","1","711131","111111111611A1","5",,"2",,,,,,,,,,
"MAOR9","2020-02-04T16:00:00","-5.90","116.90",,,"1","6","2","5","4","4","1",,"350","4","123","1","98","0",,"10098","2","7","8","290",,"255","240","1","303",,,"A",,"A","A",,,,,,,"333","56","798","172","5","1","2","1","111411","1111A111118AA1","5",,,,,,,,,,,,
"VRFT7","2020-02-04T18:00:00","-0.30","119.30",,,"1","4","0","0","8","4","1","0",,"1",,,"98","2","2","10080","7","10","0","280","0","264","259","1","290","7",,,"A",,,,,,,,,"333","9","992","114","5","1","2","1","11FF11","14111111111AA1",,"1","1",,,,,,,,,,"4"
"MAOR9","2020-02-04T20:00:00","-7.20","116.50",,,"1","5","2","5","5","4","1",,"20","4","77","1","98","2","0","10081","3","5","8","285",,"255","242",,,"3",,"A","A","A","A",,,,,,,"333","76","798","172","5","1","2","1","F11111","111111111A1AA1","5",,"0",,,,,,,,,,
"VRFT7","2020-02-05T00:00:00","-1.60","119.50",,,"1","6","2","5","8","4","1",,"10","4","87","1","98","2","2","10100","2","20","8","290",,"270","263","1","290","8","3","7","5","7","0",,"4","2","1","5","3","333","19","798","172","5","1","2","2","111211","11111111111111","5",,"2",,,,,,,,,,
"9V9450","2020-02-05T03:00:00","-5.30","117.20",,,"1","6","2","5","1","3","1",,"330","4","46","1","98","58","5","10151","2","10","8","290",,"260","248","1",,"7","5","7","3","7","3",,"1","1",,,,"333","57","798","172","5","1","2","2","711131","111111111911A1","5",,"2",,,,,,,,,,
"9V9450","2020-02-05T11:00:00","-4.00","118.10",,,"1","6","2","5","1","3","1",,"330","4","93","1","97",,"1","10131",,,"8","290",,"260","248","1",,"6",,"7","3","A","A",,"4","1","32","5","2","333","48","798","172","5","1","2","1","711211","111A111119111A","5",,"1",,,,,,,,,,
"VRFT7","2020-02-05T12:00:00","-4.60","119.70",,,"1","6","2","5","8","4","1",,"10","4","87","1","98","2","2","10090","2","12","8","270",,"250","243","1","278",,,"A",,"A","A",,,,,,,"333","49","798","172","5","1","2","1","111211","11111111118AA1","5",,"2",,,,,,,,,,
"9V9450","2020-02-05T15:00:00","-3.40","118.50",,,"1","6","2","5","8","3","1",,"340","4","113","1","98","2","2","10131","4","0","8","290",,"260","248","1",,"7","3","7","3","1","2",,"1","4",,,,"333","38","798","172","5","1","2","1","711411","111111111611A1","5",,"2",,,,,,,,,,
"9V9450","2020-02-05T20:00:00","-2.70","118.60",,,"1","6","2","5","8","3","1",,"20","4","103","1","97",,"8","10121",,,"8","280",,"260","252","1","310","7","7","5","7","A","A",,"7","4","2","7","3","333","28","798","172","5","1","2","1","311211","111A111111111A","5",,"2",,,,,,,,,,
"9V9450","2020-02-06T00:00:00","-1.90","118.70",,,"1","6","2","5","8","3","1",,"30","4","82","1","97",,"6","10151",,,"8","290",,"260","248","1",,"6",,"4","6","A","A",,"4","3","36","4","4","333","18","798","172","5","1","2","2","711131","111A111116111A","5",,"1",,,,,,,,,,
"9V9450","2020-02-06T04:00:00","-1.20","118.80",,,"1","6","2","5","8","3","1",,"10","4","98","1","98","2","5","10151","4","0","8","320",,"270","250","1","320","6","3","4","6","6","2",,"1","4",,,,"333","18","798","172","5","1","2","2","551431","111111111111A1","5",,"5",,,,,,,,,,
"MAQK9","2020-02-06T06:00:00","-9.10","119.10",,,"1","6","2","5","6","4","1",,"160","4","26","1","98","2","0","10066","7","19","8","300",,"260","243","1","300","2","1","0","9","8","1",,"4","1","23","4","1","333","99","798","172","5","1","2","2","111111","11111111111111","5",,"0",,,,,,,,,,
"MAQK9","2020-02-06T09:00:00","-9.20","118.30",,,"1","6","2","5","6","4","1",,"220","4","67","1","98","3","1","10087","5","9","8","300",,"260","243","1","300","5","4","7","3","7","1",,"4","1","23","4","1","333","98","798","172","5","1","2","2","111311","11111111111111","5",,"1",,,,,,,,,,
"MAQK9","2020-02-06T13:00:00","-9.30","117.20",,,"1","6","2","5","6","4","1",,,"4",,"1","98","1","1","10110","0","9","8","295",,"265","253","1","300","5","4","7","3","7","4",,"4","1","23","4","1","333","97","798","172","5","1","2","1","111711","11111111111111","5",,"1",,,,,,,,,,
"VRDJ3","2020-02-07T00:00:00","-9.40","115.70",,,"1","6","2","5","8","4","1",,"340","4","87","1","98","3","2","10040","2","30","8","300",,"270","258","3","289","6","2","4","3","4","2",,"3","1","18","7","5","333","95","798","172","5","1","2","2","111211","11111111111111","5",,"0",,,,,,,,,,
"MASKSTID","2020-02-07T06:00:00","-7.20","116.30",,,"1","4",,"0","8","4","2","0","100","4","129",,"97","60","2","10024","7","21",,"291","0","262","247","3","291","7","7","7","2","A","A",,"2","1","25","3","2","333","76","792","103","5","1","2","2","11FF41","14111111111111",,"1","2","20","10","6",,,,,,,"4"
"VRDJ3","2020-02-07T12:00:00","-6.10","116.80",,,"1","6","2","5","8","4","1",,"330","4","77","1","97","2","2","10050","2","30","8","280",,"250","237","3","290","8","3","7","2","7","A",,,,,,,"333","66","798","172","5","1","2","1","111111","11111111111AA1","5",,"2",,,,,,,,,,
"MAQK9","2020-02-07T14:00:00","-9.10","115.30",,,"1","6","2","5","3","2","1",,,"4",,"1","98","1","1","10110","0","9","8","270",,"260","256","1","300","5","4","7","3","7","4",,"4","1","23","4","1","333","95","798","172","5","1","2","1","111711","11111111111111","5",,"1",,,,,,,,,,
"2ICH8","2020-02-07T16:00:00","-4.80","111.50",,,"1","6","2","5","3","3","1",,"240","3","62","1","97","15","9","10114","0","7","8","290",,"252","235","1","282",,,"A",,"A","A",,"3","1",,,,"333","41","798","172","5","1","2","1","111111","111111111181A1","5",,"8",,,,,,,,,,
"VRDJ3","2020-02-07T18:00:00","-4.50","117.80",,,"1","6","2","5","1","4","1",,"80","4","21","1","98","2","2","10059","7","11","8","284",,"251","238","3","288","7","7","6","5","A","A",,,,,,,"333","47","798","172","5","1","2","1","111111","11111111111AA1","5",,"2",,,,,,,,,,
"MAQK9","2020-02-07T19:00:00","-8.90","115.70",,,"1","6","2","5","8","3","1",,"20","4","46","1","98","2","1","10085","6","24","8","280",,"250","237","1","300","5","4","7","3","7","4",,"4","1","35","4","1","333","85","798","172","5","1","2","1","111111","11111111111111","5",,"1",,,,,,,,,,
"2ICH8","2020-02-07T20:00:00","-5.20","112.30",,,"1","6","2","5","3","3","1",,"350","3","51","1","98","13","8","10097","7","9","8","285",,"260","250","1","283","8","2","A","A","A","A",,,,,,,"333","52","798","172","5","1","2","1","111111","11111111111AA1","5",,"0",,,,,,,,,,
"2ICH8","2020-02-07T23:00:00","-5.60","112.90",,,"1","6","2","5","3","3","1",,"320","3","10","1","97","51","9","10111",,,"8","275",,"255","247","1","281","8","8","3","6","A","A",,"2","1","27","7","1","333","52","798","172","5","1","2","2","111111","1111111111111A","5",,"6",,,,,,,,,,
"VRDJ3","2020-02-08T00:00:00","-2.90","118.60",,,"1","6","2","5","1","4","1",,"60","4","31","1","98","2","2","10070","2","17","8","280",,"260","252","3","280","8","2","1","2","7","8","0","0","0",,,,"333","28","798","172","5","1","2","2","111111","111111111111A1","5",,"2",,,,,,,,,,
"3EOY6","2020-02-08T04:00:00","-8.30","115.90",,,"1","4","0","0","8","3","1","0","320","4","123",,"98","15","9","10108","1","16","0","302","0","270","259",,,,,"5","A","7","6",,"7","2","36","11","3","333","85","992","114","5","1","2","2","F11411","111111111A8111",,"1","8",,,,,,,,,,"4"
"C6AX5","2020-02-08T04:00:00","-4.50","110.50",,,"1","6","2","5","3","2","1",,"340","3","26","1","98","60","6","10134","8","2","8","260",,"250","246","1","280","8","6","7","3","2","A",,"3","1","33","8","3","333","40","798","172","5","1","2","2","111111","11111111111111","5",,"2",,,,,,,,,,
"VRHM6","2020-02-08T05:00:00","-8.90","111.70",,,"1","6","2","5","2","3","1",,"280","4","72",,,,,"10100",,,"8",,,"330","327","1",,,,"A",,"A","A",,,,,,,"333","81","798","172","5","1","2","2","771111","11AAA116698AAA","5",,,,,,,,,,,,
"VRDJ3","2020-02-08T06:00:00","-1.00","118.90",,,"1","6","2","5","8","4","1",,"30","1","40","1","98","2","2","10050","7","20","8","299",,"263","238","1","287","6","4","1","3","3","1",,"2","1","36","0","0","333","18","798","172","5","1","2","2","111111","11111111111111","5",,"2",,,,,,,,,,
"VRDW2","2020-02-08T06:00:00","-1.00","118.30",,,"1","6","2","5","8","4","1",,"300","1","20","1","98","3","0","10102","6","10","8","294",,"260","233","1","276","4","4","3","4","5","4","0","0","0","36","0","0","333","18","798","172","5","1","2","2","111111","11111111111111","5",,"0",,,,,,,,,,
"C6AX5","2020-02-08T08:00:00","-4.70","111.20",,,"1","6","2","5","3","3","1",,"290",,"57","1","98","2","8","10108","7","20","8","300","0","260","243","1","290","7","6","8","1","9","8","29","3","1","36",,,"333","41","798","172","5","0",,"2","111111","11111111111171","5",,"8","36",,,,,,,,,
"MAQK9","2020-02-08T11:00:00","-8.50","115.80",,,"1","6","2","5","8","4","1",,"350","4","77","1","98","2","1","10115","3","2","8","290",,"260","248","1","300","5","4","7","3","7","4",,"4","1","35","4","1","333","85","798","172","5","1","2","1","111211","11111111111111","5",,"1",,,,,,,,,,
"C6AX5","2020-02-08T12:00:00","-5.10","111.90",,,"1","6","2","5","2","2","1",,"280",,"62","1","98","2",,"10118","6","16","8","280","0","260","252","1","300","4","4","A","A","A","A",,,,,,,"333","51","798","172","5","0",,"1","111111","1111A111111AA1","5",,,,,,,,,,,,
"MAQK9","2020-02-08T14:00:00","-7.70","115.30",,,"1","6","2","5","7","4","1",,"270","4","103","1","98","2","1","10133","0","2","8","290",,"265","255","1","300","6","5","0","9","6","9",,"4","1","35","4","1","333","75","798","172","5","1","2","1","111111","11111111111111","5",,"1",,,,,,,,,,
"VRDW2","2020-02-08T18:00:00","-4.10","117.50",,,"1","6","2","5","8","4","1",,"20","4","36","1","98","1","1","10104","6","10","8","285",,"260","236","1","290",,,"A",,"A","A",,,,,,,"333","47","798","172","5","1","2","1","111111","11111111118AA1","5",,"1",,,,,,,,,,
"MAQK9","2020-02-08T19:00:00","-6.60","114.30",,,"1","6","2","5","7","4","1",,"250","4","170","1","98","2","1","10087","6","15","8","280",,"265","259","1","300","5","4","0","8","6","9",,"4","1","35","4","1","333","64","798","172","5","1","2","1","115511","14111111111411","5",,"1",,,,,,,,,,
"2ICH8","2020-02-08T20:00:00","-8.90","115.60",,,"1","6","2","5","4","3","1",,"250","3","51","1","97","97","9","10100","5","0","8","250",,"245","243","1","267","7",,"A","A","A","A",,,,,,,"333","85","798","172","5","1","2","1","111111","11111111111AA1","5",,"6",,,,,,,,,,
"C6AX5","2020-02-08T21:00:00","-5.60","113.30",,,"1","6","2","5","2","2","1",,"270","3","98","1","98","2","1","10113","5","8","8","280",,"260","252","1","300","5","4","2","4","4","2",,"3","2","30","8","3","333","53","798","172","5","1","2","1","111111","11111111111111","5",,"1",,,,,,,,,,
"MAQK9","2020-02-08T22:00:00","-6.10","113.60",,,"1","6","2","5","7","4","1",,"270","4","170","1","98","2","1","10123","3","4","8","285",,"260","250","1","300","5","4","7","3","6","3",,"4","2","35","4","2","333","63","798","172","5","1","2","1","115111","11111111111111","5",,"1",,,,,,,,,,
"2ICI6","2020-02-09T00:00:00","-9.00","115.60",,,"1","4","0","0","3","3","1","0","310","4","103",,"98","2","5","10110","1","17","0","270","0","250","241","3","283","4","4","4","6","6","2",,"3","2","38","3","2","333","95","992","114","5","1","2","2","111211","11111111111111",,"1","1",,,,,,,,,,"4"
"C6AX5","2020-02-09T00:00:00","-5.80","113.80",,,"1","6","2","5","2","3","1",,"290",,"123","1","98","3","2","10126","3","12","8","280","0","260","252","1","300","6","5","7","1","9","8","29","4","3","36",,,"333","53","798","172","5","0",,"2","113111","11111111111171","5",,"2","36",,,,,,,,,
"MAQK9","2020-02-09T02:00:00","-5.50","112.60",,,"1","6","2","5","7","4","1",,"250","4","144","1","98","2","1","10104","4","0","8","290",,"260","248","1","300","5","4","7","3","6","3",,"4","2","35","4","2","333","52","798","172","5","1","2","2","115511","11111111111111","5",,"1",,,,,,,,,,
"2ICI6","2020-02-09T04:00:00","-9.90","115.70",,,"1","6","2","5","4","3","1",,"280","4","62","1","97","3","2","10113","6","5","8","275",,"260","254","3","333","8","5","7","2","7","A",,"8","2","27","5","2","333","95","798","172","5","1","2","2","511111","11111111161111","5",,"2",,,,,,,,,,
"3EOY6","2020-02-09T04:00:00","-4.20","117.90",,,"1","4","0","0","1","3","1","0","300","4","36",,"97","21","6","10134","2","19","0","252","0","238","233",,,"8","7","7","4","7","A",,"5","0","32","10","1","333","47","992","114","5","1","2","2","F11111","111111111A1111",,"1","2",,,,,,,,,,"4"
"VRHM6","2020-02-09T05:00:00","-9.80","116.10",,,"1","6","2","5","2","3","1",,"270","4","98",,,,,"10100",,,"8","290",,"280","276","1","300",,,"A",,"A","A",,,,,,,"333","96","798","172","5","1","2","2","111111","11AAA111118AAA","5",,,,,,,,,,,,
"MAQK9","2020-02-09T07:00:00","-4.70","111.40",,,"1","6","2","5","7","4","1",,,"4",,"1","98","2","2","10090","6","20","8","290",,"260","248","1","300","7","7","7","3","6","3",,"5","2","27","5","2","333","41","798","172","5","1","2","2","111711","11111111111111","5",,"2",,,,,,,,,,
"MAQK9","2020-02-09T10:00:00","-4.20","110.60",,,"1","6","2","5","7","4","1",,"250","4","129","1","98","1","1","10118","5","2","8","290",,"260","248","1","300","5","4","7","4","1","3",,"5","1","27","5","1","333","40","798","172","5","1","2","2","113311","14111111111411","5",,"1",,,,,,,,,,
"C6AX5","2020-02-09T12:00:00","-6.30","116.10",,,"1","6","2","5","2","2","1",,"60",,"98","1","96","16",,"10131","3","26","8","250","0","240","235","1","300",,,"A",,"A","A",,,,,,,"333","66","798","172","5","0",,"1","114111","1111A111118AA1","5",,,,,,,,,,,,
"VRDW2","2020-02-09T18:00:00","-9.30","115.40",,,"1","6","2","5","8","4","1",,"280","4","77","1","98","1","1","10097","6","10","8","272",,"250","240","1","286","3",,"A","A","A","A",,,,,,,"333","95","798","172","5","1","2","1","111111","11111111111AA1","5",,"1",,,,,,,,,,
"C6AX5","2020-02-09T21:00:00","-7.60","116.20",,,"1","6","2","5","5","2","1",,"260","3","67","1","98","1","2","10106","5","5","8","280",,"260","252","1","300","7","5","8","5","1","2",,"3","2","28","10","3","333","76","798","172","5","1","2","1","111111","11111111111111","5",,"2",,,,,,,,,,
"C6SW3","2020-02-09T23:00:00","-8.80","119.70",,,"1","5","2","5","7","4","1",,"330","3","51",,,,,"10041",,,"8","270",,"250","243",,,,,"A",,"A","A",,"6","3","30","6","1","333","89","798","172","5","1","2","2","F11111","11AAA1111A811A","5",,,,,,,,,,,,
"C6SW3","2020-02-10T00:00:00","-8.70","119.50",,,"1","5","2","5","7","3","1",,"330","3","77",,,,,"10041",,,"8","270",,"250","243",,,,,"A",,"A","A",,"6","3","30","6","1","333","89","798","172","5","1","2","2","F11111","11AAA1111A811A","5",,,,,,,,,,,,
"C6SW3","2020-02-10T01:00:00","-8.50","119.50",,,"1","5","2","5","7","3","1",,,"3",,,,,,"10081",,,"8","280",,"260","253",,,,,"A",,"A","A",,"6","1","18","6","1","333","89","798","172","5","1","2","2","F11711","11AAA1111A811A","5",,,,,,,,,,,,
"C6SW3","2020-02-10T02:00:00","-8.50","119.50",,,"1","5","2","5","7","3","1",,"210","3","15",,,,,"10081",,,"8","270",,"250","243",,,,,"A",,"A","A",,"6","1","18","6","1","333","89","798","172","5","1","2","2","F11111","11AAA1111A811A","5",,,,,,,,,,,,
"C6SW3","2020-02-10T03:00:00","-8.50","119.50",,,"1","5","2","5","7","3","1",,"210","3","15",,,,,"10081",,,"8","280",,"250","239",,,,,"A",,"A","A",,"6","1","18","6","1","333","89","798","172","5","1","2","2","F11111","11AAA1111A811A","5",,,,,,,,,,,,
"C6SW3","2020-02-10T04:00:00","-8.50","119.50",,,"1","5","2","5","7","3","1",,"90","3","15",,,,,"10081",,,"8","280",,"250","239",,,,,"A",,"A","A",,"6","1","18","6","1","333","89","798","172","5","1","2","2","F11111","11AAA1111A811A","5",,,,,,,,,,,,
"VRMY3","2020-02-10T04:00:00","-7.00","114.80",,,"1","6","2","5","7","2","1",,"330","4","46",,,,,"10110","1","10","8","320",,"280","265","1","290",,,"A",,"A","A",,,,,,,"333","74","798","172","5","1","2","2","151111","11AAA111118AA1","5",,,,,,,,,,,,
"C6SW3","2020-02-10T05:00:00","-8.50","119.50",,,"1","5","2","5","7","3","1",,"90","3","31",,,,,"10081",,,"8","280",,"250","239",,,,,"A",,"A","A",,"6","1","18","6","1","333","89","798","172","5","1","2","2","F11111","11AAA1111A811A","5",,,,,,,,,,,,
"C6SW3","2020-02-10T06:00:00","-8.50","119.50",,,"1","5","2","5","7","3","1",,"20","3","31",,,,,"10061",,,"8","300",,"270","260",,,,,"A",,"A","A",,"6","1","18","6","1","333","89","798","172","5","1","2","2","F11111","11AAA1111A811A","5",,,,,,,,,,,,
"C6AX5","2020-02-10T07:00:00","-9.30","115.60",,,"1","6","2","5","4","2","1",,"260",,"93","1","98","2","2","10118","8","17","8","290","0","270","262","1","290","5","5","8","2","9","4","26","4","3",,,,"333","95","798","172","5","0",,"2","111111","111111111111A1","5",,"2",,,,,,,,,,
"C6SW3","2020-02-10T07:00:00","-8.50","119.50",,,"1","5","2","5","7","3","1",,"20","3","31",,,,,"10061",,,"8","300",,"270","260",,,,,"A",,"A","A",,"6","1","18","6","1","333","89","798","172","5","1","2","2","F11111","11AAA1111A811A","5",,,,,,,,,,,,
"C6SW3","2020-02-10T08:00:00","-8.60","119.50",,,"1","5","2","5","7","3","1",,"40","3","21",,,,,"10061",,,"8","290",,"270","263",,,,,"A",,"A","A",,"6","1","18","6","1","333","89","798","172","5","1","2","2","F11111","11AAA1111A811A","5",,,,,,,,,,,,
"C6SW3","2020-02-10T09:00:00","-8.80","119.30",,,"1","5","2","5","6","4","1",,"40","3","21",,,,,"10061",,,"8","290",,"270","263",,,,,"A",,"A","A",,"6","1","18","6","1","333","89","798","172","5","1","2","2","F11111","11AAA1111A811A","5",,,,,,,,,,,,
"C6SW3","2020-02-10T10:00:00","-8.90","119.10",,,"1","5","2","5","6","4","1",,"40","3","21",,,,,"10061",,,"8","290",,"270","263",,,,,"A",,"A","A",,"6","1","18","6","1","333","89","798","172","5","1","2","2","F11111","11AAA1111A811A","5",,,,,,,,,,,,
"C6SW3","2020-02-10T11:00:00","-8.90","118.80",,,"1","5","2","5","6","4","1",,"320","3","21",,,"63",,"10061",,,"8","270",,"260","257",,,,,"A",,"A","A",,"6","1","18","6","1","333","88","798","172","5","1","2","1","F11111","11A1A1111A811A","5",,,,,,,,,,,,
"C6SW3","2020-02-10T12:00:00","-9.00","118.60",,,"1","5","2","5","6","2","1",,"270","3","113",,,"3",,"10071",,,"8","260",,"250","246",,,,,"A",,"A","A",,"6","1","18","6","1","333","98","798","172","5","1","2","1","F11111","11A1A1111A811A","5",,,,,,,,,,,,
"C6SW3","2020-02-10T13:00:00","-9.10","118.40",,,"1","5","2","5","6","2","1",,"340","3","103",,,"3",,"10081",,,"8","260",,"250","246",,,,,"A",,"A","A",,"6","1","34","6","1","333","98","798","172","5","1","2","1","F11411","11A1A1111A811A","5",,,,,,,,,,,,
"C6SW3","2020-02-10T14:00:00","-9.10","118.10",,,"1","5","2","5","6","2","1",,"340","3","51",,,,,"10081",,,"8","260",,"250","246",,,,,"A",,"A","A",,,,,,,"333","98","798","172","5","1","2","1","F11111","11AAA1111A8AAA","5",,,,,,,,,,,,
"C6SW3","2020-02-10T15:00:00","-9.20","117.90",,,"1","5","2","5","6","2","1",,"340","3","51",,,,,"10071",,,"8","260",,"250","246",,,,,"A",,"A","A",,"6","1","27","6","1","333","97","798","172","5","1","2","1","F11111","11AAA1111A811A","5",,,,,,,,,,,,
"C6SW3","2020-02-10T17:00:00","-9.20","117.40",,,"1","5","2","5","6","4","1",,"340","3","72",,,,,"10091",,,"8","270",,"260","257",,,,,"A",,"A","A",,,,,,,"333","97","798","172","5","1","2","1","F11111","11AAA1111A8AAA","5",,,,,,,,,,,,
"C6SW3","2020-02-10T18:00:00","-9.30","117.10",,,"1","5","2","5","6","4","1",,"340","3","72",,,,,"10091",,,"8","270",,"260","257",,,,,"A",,"A","A",,,,,,,"333","97","798","172","5","1","2","1","F11111","11AAA1111A8AAA","5",,,,,,,,,,,,
"C6SW3","2020-02-10T19:00:00","-9.30","116.80",,,"1","5","2","5","6","4","1",,"340","3","72",,,,,"10091",,,"8","270",,"260","257",,,,,"A",,"A","A",,"6","1","24","6","1","333","96","798","172","5","1","2","1","F11111","11AAA1111A811A","5",,,,,,,,,,,,
"C6SW3","2020-02-10T20:00:00","-9.20","116.60",,,"1","5","2","5","6","4","1",,"330","3","108",,,,,"10091",,,"8","270",,"260","257",,,,,"A",,"A","A",,"6","1","24","6","1","333","96","798","172","5","1","2","1","F11411","11AAA1111A811A","5",,,,,,,,,,,,
"C6SW3","2020-02-10T21:00:00","-9.70","116.50",,,"1","5","2","5","6","4","1",,"330","3","108",,,,,"10091",,,"8","270",,"260","257",,,,,"A",,"A","A",,"6","1","24","6","1","333","96","798","172","5","1","2","1","F11411","11AAA1111A811A","5",,,,,,,,,,,,
"C6SW3","2020-02-10T22:00:00","-9.10","116.10",,,"1","5","2","5","6","4","1",,"330","3","108",,,,,"10091",,,"8","270",,"250","243",,,,,"A",,"A","A",,"6","1","33","6","1","333","96","798","172","5","1","2","1","F11411","11AAA1111A811A","5",,,,,,,,,,,,
"C6SW3","2020-02-10T23:00:00","-9.10","116.90",,,"1","5","2","5","6","4","1",,"330","3","108",,,,,"10091",,,"8","280",,"250","239",,,,,"A",,"A","A",,"6","1","33","6","1","333","96","798","172","5","1","2","2","F11411","11AAA1111A811A","5",,,,,,,,,,,,
"C6SW3","2020-02-11T00:00:00","-9.00","115.60",,,"1","5","2","5","6","4","1",,"340","3","77",,,,,"10091",,,"8","280",,"250","239",,,,,"A",,"A","A",,"6","1","33","6","1","333","95","798","172","5","1","2","2","F11211","11AAA1111A811A","5",,,,,,,,,,,,
"C6SW3","2020-02-11T01:00:00","-8.90","115.40",,,"1","5","2","5","6","4","1",,"40","3","51",,,,,"10091",,,"8","280",,"250","239",,,,,"A",,"A","A",,"6","1","33","6","1","333","85","798","172","5","1","2","2","F11111","11AAA1111A811A","5",,,,,,,,,,,,
"C6SW3","2020-02-11T02:00:00","-8.70","115.20",,,"1","5","2","5","9","4","1",,"40","3","51",,,,,"10091",,,"8","280",,"250","239",,,,,"A",,"A","A",,"6","1","33","6","1","333","85","798","172","5","1","2","2","F11111","11AAA1111A811A","5",,,,,,,,,,,,
"C6SW3","2020-02-11T03:00:00","-8.70","115.20",,,"1","5","2","5","9","4","1",,"330","3","51",,,,,"10091",,,"8","280",,"260","253",,,,,"A",,"A","A",,"6","1","33","6","1","333","85","798","172","5","1","2","2","F11111","11AAA1111A811A","5",,,,,,,,,,,,
"MASKSTID","2020-02-11T03:00:00","-8.70","115.20",,,"1","4",,"0","9","4","2","0","330","3","51",,"97","3","2","10091","3","8",,"280","0","260","253","1","136","7","7","7","A","A","A",,"6","1","33","6","1","333","85","792","103","5","0","2","2","F11111","11AAA1111A811A",,"1","2",,,,,,,,,,"4"
"C6SW3","2020-02-11T04:00:00","-8.70","115.20",,,"1","5","2","5","9","4","1",,"290","3","77",,,,,"10091",,,"8","300",,"270","260",,,,,"A",,"A","A",,"6","1","27","6","1","333","85","798","172","5","1","2","2","F11111","11AAA1111A811A","5",,,,,,,,,,,,
"VRMY3","2020-02-11T04:00:00","-4.70","111.80",,,"1","6","2","5","6","2","1",,"310","4","46",,,,,"10110","5","10","8","320",,"280","265","1","290",,,"A",,"A","A",,,,,,,"333","41","798","172","5","1","2","2","151111","11AAA111118AA1","5",,,,,,,,,,,,
"C6SW3","2020-02-11T05:00:00","-8.70","115.20",,,"1","5","2","5","9","4","1",,"270","3","77",,,,,"10091",,,"8","300",,"270","260",,,,,"A",,"A","A",,"6","1","27","6","1","333","85","798","172","5","1","2","2","F11111","11AAA1111A811A","5",,,,,,,,,,,,
"C6SW3","2020-02-11T06:00:00","-8.70","115.20",,,"1","5","2","5","9","4","1",,"240","3","77",,,,,"10091",,,"8","300",,"270","260",,,,,"A",,"A","A",,"6","1","27","6","1","333","85","798","172","5","1","2","2","F11111","11AAA1111A811A","5",,,,,,,,,,,,
"C6SW3","2020-02-11T07:00:00","-8.70","115.20",,,"1","5","2","5","9","4","1",,"240","3","77",,,,,"10091",,,"8","300",,"270","260",,,,,"A",,"A","A",,"6","1","27","6","1","333","85","798","172","5","1","2","2","F11111","11AAA1111A811A","5",,,,,,,,,,,,
"C6SW3","2020-02-11T08:00:00","-8.70","115.20",,,"1","5","2","5","9","4","1",,"270","3","103",,,,,"10081",,,"8","300",,"270","260",,,,,"A",,"A","A",,"6","1","27","6","1","333","85","798","172","5","1","2","2","F11111","11AAA1111A811A","5",,,,,,,,,,,,
"C6SW3","2020-02-11T09:00:00","-8.70","115.20",,,"1","5","2","5","9","4","1",,"330","3","67",,,,,"10081",,,"8","300",,"270","260",,,,,"A",,"A","A",,"6","1","27","6","1","333","85","798","172","5","1","2","2","F11111","11AAA1111A811A","5",,,,,,,,,,,,
"C6SW3","2020-02-11T10:00:00","-8.70","115.20",,,"1","5","2","5","9","4","1",,"330","3","67",,,,,"10081",,,"8","280",,"270","267",,,,,"A",,"A","A",,"6","1","27","6","1","333","85","798","172","5","1","2","2","F11111","11AAA1111A811A","5",,,,,,,,,,,,
"C6SW3","2020-02-11T11:00:00","-8.70","115.20",,,"1","5","2","5","9","4","1",,"330","3","36",,,,,"10081",,,"8","280",,"270","267",,,,,"A",,"A","A",,"6","1","27","6","1","333","85","798","172","5","1","2","1","F11111","11AAA1111A811A","5",,,,,,,,,,,,
"C6SW3","2020-02-11T12:00:00","-8.70","115.20",,,"1","5","2","5","9","4","1",,"330","3","36",,,,,"10081",,,"8","280",,"270","267",,,,,"A",,"A","A",,"6","1","27","6","1","333","85","798","172","5","1","2","1","F11111","11AAA1111A811A","5",,,,,,,,,,,,
"C6SW3","2020-02-11T13:00:00","-8.70","115.20",,,"1","5","2","5","9","4","1",,"270","3","10",,,,,"10081",,,"8","280",,"270","267",,,,,"A",,"A","A",,"6","1","27","6","1","333","85","798","172","5","1","2","1","F11111","11AAA1111A811A","5",,,,,,,,,,,,
"C6SW3","2020-02-11T14:00:00","-8.70","115.20",,,"1","4","0","0","9","4","1","0","270","3","10",,,,,"10081",,,"0","280","0","270","267",,,,,,"A",,,,"2","0","27","2","0","333","85","992","114","5","1","2","1","F11111","11AAA1111A811A",,"1",,,,,,,,,,,"4"
"C6SW3","2020-02-11T15:00:00","-8.70","115.20",,,"1","4","0","0","9","4","1","0","270","3","10",,,,,"10081",,,"0","270","0","250","243",,,,,,"A",,,,"2","0","27","2","0","333","85","992","114","5","1","2","1","F11111","11AAA1111A811A",,"1",,,,,,,,,,,"4"
"C6SW3","2020-02-11T16:00:00","-8.70","115.20",,,"1","4","0","0","9","4","1","0",,"3",,,,,,"10091",,,"0","250","0","230","222",,,,,,"A",,,,"2","0","27","2","0","333","85","992","114","5","1","2","1","F1FF11","11AAA1111A831A",,"1",,,,,,,,,,,"4"
"C6SW3","2020-02-11T17:00:00","-8.70","115.20",,,"1","4","0","0","9","4","1","0",,"3",,,,,,"10091",,,"0","240","0","220","211",,,,,,"A",,,,"2","0","27","2","0","333","85","992","114","5","1","2","1","F4FF11","11AAA1111A831A",,"1",,,,,,,,,,,"4"
"C6SW3","2020-02-11T18:00:00","-8.70","115.20",,,"1","4","0","0","9","4","1","0",,"3",,,,,,"10091",,,"0","240","0","220","211",,,,,,"A",,,,"2","0","27","2","0","333","85","992","114","5","1","2","1","F4FF11","11AAA1111A831A",,"1",,,,,,,,,,,"4"
"C6SW3","2020-02-11T19:00:00","-8.70","115.20",,,"1","4","0","0","9","4","1","0",,"3",,,,,,"10091",,,"0","240","0","220","211",,,,,,"A",,,,"2","0","27","2","0","333","85","992","114","5","1","2","1","F4FF11","11AAA1111A831A",,"1",,,,,,,,,,,"4"
"C6SW3","2020-02-11T20:00:00","-8.70","115.20",,,"1","4","0","0","9","4","1","0",,"3",,,,,,"10091",,,"0","240","0","220","211",,,,,,"A",,,,"2","0","27","2","0","333","85","992","114","5","1","2","1","F4FF11","11AAA1111A831A",,"1",,,,,,,,,,,"4"
"C6SW3","2020-02-11T21:00:00","-8.70","115.20",,,"1","4","0","0","9","4","1","0",,"3",,,,,,"10091",,,"0","240","0","240","240",,,,,,"A",,,,"2","0","27","2","0","333","85","992","114","5","1","2","1","F4FF13","11AAA1111A831A",,"1",,,,,,,,,,,"4"
"C6SW3","2020-02-11T22:00:00","-8.70","115.20",,,"1","4","0","0","9","4","1","0",,"3",,,,,,"10091",,,"0","240","0","240","240",,,,,,"A",,,,"2","0","27","2","0","333","85","992","114","5","1","2","1","F4FF13","11AAA1111A831A",,"1",,,,,,,,,,,"4"
"C6SW3","2020-02-11T23:00:00","-8.70","115.20",,,"1","4","0","0","9","4","1","0",,"3",,,,,,"10091",,,"0","240","0","240","240",,,,,,"A",,,,"2","0","27","2","0","333","85","992","114","5","1","2","2","F4FF13","11AAA1111A831A",,"1",,,,,,,,,,,"4"
"C6SW3","2020-02-12T00:00:00","-8.70","115.20",,,"1","4","0","0","9","4","1","0",,"3",,,,,,"10091",,,"0","240","0","240","240",,,,,,"A",,,,"2","0","27","2","0","333","85","992","114","5","1","2","2","F4FF13","11AAA1111A831A",,"1",,,,,,,,,,,"4"
"C6SW3","2020-02-12T01:00:00","-8.70","115.20",,,"1","4","0","0","9","4","1","0",,"3",,,,,,"10101",,,"0","280","0","250","239",,,,,,"A",,,,"2","0","27","2","0","333","85","992","114","5","1","2","2","F1FF11","11AAA1111A831A",,"1",,,,,,,,,,,"4"
"C6SW3","2020-02-12T02:00:00","-8.70","115.20",,,"1","4","0","0","9","4","1","0",,"3",,,,,,"10101",,,"0","280","0","250","239",,,,,,"A",,,,"2","0","27","2","0","333","85","992","114","5","1","2","2","F1FF11","11AAA1111A831A",,"1",,,,,,,,,,,"4"
"C6SW3","2020-02-12T03:00:00","-8.70","115.20",,,"1","4","0","0","9","4","1","0","90","3","51",,,,,"10101",,,"0","280","0","250","239",,,,,,"A",,,,"2","0","27","2","0","333","85","992","114","5","1","2","2","F11111","11AAA1111A811A",,"1",,,,,,,,,,,"4"
"C6SW3","2020-02-12T04:00:00","-8.70","115.20",,,"1","4","0","0","9","4","1","0","90","3","51",,,,,"10101",,,"0","290","0","260","249",,,,,,"A",,,,"2","0","27","2","0","333","85","992","114","5","1","2","2","F11111","11AAA1111A811A",,"1",,,,,,,,,,,"4"
"C6SW3","2020-02-12T05:00:00","-8.70","115.20",,,"1","4","0","0","9","4","1","0","110","3","51",,,,,"10091",,,"0","290","0","260","249",,,,,,"A",,,,"2","0","27","2","0","333","85","992","114","5","1","2","2","F11111","11AAA1111A811A",,"1",,,,,,,,,,,"4"
"C6SW3","2020-02-12T06:00:00","-8.70","115.20",,,"1","4","0","0","9","4","1","0","110","3","51",,,,,"10091",,,"0","290","0","260","249",,,,,,"A",,,,"2","0","27","2","0","333","85","992","114","5","1","2","2","F11111","11AAA1111A811A",,"1",,,,,,,,,,,"4"
"C6SW3","2020-02-12T07:00:00","-8.70","115.20",,,"1","4","0","0","9","4","1","0","110","3","103",,,,,"10091",,,"0","290","0","260","249",,,,,,"A",,,,"2","0","27","2","0","333","85","992","114","5","1","2","2","F14111","11AAA1111A811A",,"1",,,,,,,,,,,"4"
"C6SW3","2020-02-12T08:00:00","-8.70","115.20",,,"1","4","0","0","9","4","1","0","140","3","77",,,,,"10091",,,"0","270","0","260","257",,,,,,"A",,,,"2","0","27","2","0","333","85","992","114","5","1","2","2","F11311","11AAA1111A811A",,"1",,,,,,,,,,,"4"
"C6SW3","2020-02-12T09:00:00","-8.70","115.20",,,"1","4","0","0","9","4","1","0","270","3","26",,,,,"10091",,,"0","270","0","260","257",,,,,,"A",,,,"2","0","27","2","0","333","85","992","114","5","1","2","2","F11111","11AAA1111A811A",,"1",,,,,,,,,,,"4"
"C6SW3","2020-02-12T10:00:00","-8.70","115.20",,,"1","5","2","5","9","4","1",,"180","3","57",,,,,"10091",,,"8","270",,"260","257",,,,,"A",,"A","A",,"6","1","18","6","1","333","85","798","172","5","1","2","2","F11311","11AAA1111A811A","5",,,,,,,,,,,,
"C6SW3","2020-02-12T11:00:00","-8.70","115.20",,,"1","5","2","5","9","4","1",,"180","3","57",,,,,"10091",,,"8","280",,"260","253",,,,,"A",,"A","A",,"6","1","18","6","1","333","85","798","172","5","1","2","1","F11311","11AAA1111A811A","5",,,,,,,,,,,,
"C6SW3","2020-02-12T12:00:00","-8.60","115.40",,,"1","5","2","5","2","3","1",,"180","3","57",,,,,"10091",,,"8","280",,"260","253",,,,,"A",,"A","A",,"6","1","18","6","1","333","85","798","172","5","1","2","1","F11311","11AAA1111A811A","5",,,,,,,,,,,,
"C6SW3","2020-02-12T13:00:00","-8.50","115.70",,,"1","5","2","5","1","3","1",,"180","3","57",,,,,"10091",,,,,,,,,,,,"A",,"A","A",,,,,,,"333","85","798","172","5","1","2","1","FF131F","11AAA1AAAA8AAA","5",,,,,,,,,,,,
"C6SW3","2020-02-12T14:00:00","-8.40","115.70",,,"1","5","2","5","1","3","1",,"300","3","57",,,,,"10081",,,"8","260",,"250","246",,,,,"A",,"A","A",,,,,,,"333","85","798","172","5","1","2","1","F11111","11AAA1111A8AAA","5",,,,,,,,,,,,
"C6SW3","2020-02-12T15:00:00","-8.20","115.80",,,"1","5","2","5","8","3","1",,"300","3","57",,,,,"10081",,,"8","260",,"250","246",,,,,"A",,"A","A",,,,,,,"333","85","798","172","5","1","2","1","F11111","11AAA1111A8AAA","5",,,,,,,,,,,,
"C6SW3","2020-02-12T16:00:00","-8.10","115.60",,,"1","5","2","5","7","3","1",,"20","3","57",,,,,"10081",,,"8","260",,"250","246",,,,,"A",,"A","A",,"6","1","36","6","1","333","85","798","172","5","1","2","1","F11111","11AAA1111A811A","5",,,,,,,,,,,,
"C6SW3","2020-02-12T17:00:00","-7.90","115.50",,,"1","5","2","5","7","3","1",,"20","3","21",,,,,"10101",,,"8","270",,"250","243",,,,,"A",,"A","A",,"6","1","36","6","1","333","75","798","172","5","1","2","1","F11111","11AAA1111A811A","5",,,,,,,,,,,,
"C6SW3","2020-02-12T18:00:00","-7.80","115.40",,,"1","5","2","5","7","3","1",,"10","3","51",,,,,"10101",,,"8","270",,"250","243",,,,,"A",,"A","A",,"6","1","36","6","1","333","75","798","172","5","1","2","1","F11111","11AAA1111A811A","5",,,,,,,,,,,,
"C6SW3","2020-02-12T19:00:00","-7.60","115.30",,,"1","5","2","5","7","3","1",,"10","3","51",,,,,"10091",,,"8","270",,"260","257",,,,,"A",,"A","A",,"6","1","36","6","1","333","75","798","172","5","1","2","1","F11111","11AAA1111A811A","5",,,,,,,,,,,,
"C6SW3","2020-02-12T20:00:00","-7.40","115.20",,,"1","5","2","5","7","3","1",,"40","3","51",,,,,"10091",,,"8","270",,"260","257",,,,,"A",,"A","A",,"6","1","36","6","1","333","75","798","172","5","1","2","1","F11111","11AAA1111A811A","5",,,,,,,,,,,,
"C6SW3","2020-02-12T21:00:00","-7.30","115.10",,,"1","5","2","5","7","3","1",,"40","3","51",,,,,"10091",,,"8","270",,"260","257",,,,,"A",,"A","A",,"6","1","36","6","1","333","75","798","172","5","1","2","1","F11111","11AAA1111A811A","5",,,,,,,,,,,,
"C6SW3","2020-02-12T22:00:00","-7.20","115.90",,,"1","5","2","5","7","3","1",,"40","3","51",,,,,"10091",,,"8","270",,"260","257",,,,,"A",,"A","A",,"6","1","36","6","1","333","75","798","172","5","1","2","1","F11111","11AAA1111A811A","5",,,,,,,,,,,,
"C6SW3","2020-02-12T23:00:00","-7.00","114.90",,,"1","5","2","5","7","3","1",,"40","3","51",,,,,"10091",,,"8","270",,"260","257",,,,,"A",,"A","A",,"6","1","36","6","1","333","74","798","172","5","1","2","2","F11111","11AAA1111A811A","5",,,,,,,,,,,,
"C6SW3","2020-02-13T00:00:00","-6.90","114.70",,,"1","5","2","5","7","3","1",,"40","3","51",,,,,"10091",,,"8","270",,"260","257",,,,,"A",,"A","A",,"6","1","36","6","1","333","64","798","172","5","1","2","2","F11111","11AAA1111A811A","5",,,,,,,,,,,,
"C6SW3","2020-02-13T01:00:00","-6.80","114.60",,,"1","5","2","5","7","3","1",,"40","3","51",,,,,"10091",,,"8","270",,"260","257",,,,,"A",,"A","A",,"6","1","36","6","1","333","64","798","172","5","1","2","2","F11111","11AAA1111A811A","5",,,,,,,,,,,,
"C6SW3","2020-02-13T02:00:00","-6.70","114.40",,,"1","5","2","5","7","3","1",,"40","3","51",,,,,"10101",,,"8","270",,"260","257",,,,,"A",,"A","A",,"6","1","36","6","1","333","64","798","172","5","1","2","2","F11111","11AAA1111A811A","5",,,,,,,,,,,,
"C6SW3","2020-02-13T03:00:00","-6.60","114.20",,,"1","5","2","5","7","3","1",,"90","3","21",,,,,"10101",,,"8","280",,"270","267",,,,,"A",,"A","A",,"6","1","36","6","1","333","64","798","172","5","1","2","2","F11111","11AAA1111A811A","5",,,,,,,,,,,,
"C6SW3","2020-02-13T04:00:00","-6.60","114.00",,,"1","5","2","5","6","3","1",,"40","3","21",,,,,"10091",,,"8","280",,"270","267",,,,,"A",,"A","A",,"6","1","36","6","1","333","64","798","172","5","1","2","2","F11111","11AAA1111A811A","5",,,,,,,,,,,,
"C6SW3","2020-02-13T05:00:00","-6.50","113.80",,,"1","5","2","5","6","3","1",,"360","3","21",,,,,"10091",,,"8","260",,"260","260",,,,,"A",,"A","A",,"6","1","36","6","1","333","63","798","172","5","1","2","2","F11115","11AAA1111A811A","5",,,,,,,,,,,,
"C6SW3","2020-02-13T06:00:00","-6.50","113.60",,,"1","5","2","5","6","3","1",,"360","3","21",,,,,"10091",,,"8","260",,"260","260",,,,,"A",,"A","A",,"6","1","1","6","1","333","63","798","172","5","1","2","2","F11115","11AAA1111A811A","5",,,,,,,,,,,,
"C6SW3","2020-02-13T07:00:00","-6.40","113.40",,,"1","5","2","5","6","3","1",,"360","3","21",,,,,"10091",,,"8","260",,"260","260",,,,,"A",,"A","A",,"6","1","1","6","1","333","63","798","172","5","1","2","2","F11115","11AAA1111A811A","5",,,,,,,,,,,,
"C6SW3","2020-02-13T08:00:00","-6.40","113.20",,,"1","5","2","5","6","3","1",,"340","3","51",,,,,"10071",,,"8","260",,"240","232",,,,,"A",,"A","A",,"6","1","1","6","1","333","63","798","172","5","1","2","2","F11111","11AAA1111A811A","5",,,,,,,,,,,,
"C6SW3","2020-02-13T09:00:00","-6.40","113.90",,,"1","5","2","5","6","3","1",,"340","3","51",,,,,"10071",,,"8","260",,"240","232",,,,,"A",,"A","A",,"6","1","1","6","1","333","63","798","172","5","1","2","2","F11111","11AAA1111A811A","5",,,,,,,,,,,,
"C6SW3","2020-02-13T10:00:00","-6.40","112.70",,,"1","5","2","5","6","3","1",,"340","3","51",,,,,"10071",,,"8","260",,"240","232",,,,,"A",,"A","A",,"6","1","1","6","1","333","62","798","172","5","1","2","2","F11111","11AAA1111A811A","5",,,,,,,,,,,,
"C6SW3","2020-02-13T11:00:00","-6.30","112.50",,,"1","5","2","5","6","3","1",,"340","3","51",,,,,"10071",,,"8","260",,"240","232",,,,,"A",,"A","A",,"6","1","1","6","1","333","62","798","172","5","1","2","1","F11111","11AAA1111A811A","5",,,,,,,,,,,,
"C6SW3","2020-02-13T12:00:00","-6.20","112.30",,,"1","5","2","5","6","3","1",,"340","3","51",,,,,"10071",,,"8","260",,"240","232",,,,,"A",,"A","A",,"6","1","1","6","1","333","62","798","172","5","1","2","1","F11111","11AAA1111A811A","5",,,,,,,,,,,,
"C6SW3","2020-02-13T13:00:00","-6.20","112.00",,,"1","5","2","5","6","3","1",,"360","3","51",,,,,"10081",,,"8","270",,"250","243",,,,,"A",,"A","A",,,,,,,"333","62","798","172","5","1","2","1","F11111","11AAA1111A8AAA","5",,,,,,,,,,,,
"C6SW3","2020-02-13T14:00:00","-6.20","111.80",,,"1","5","2","5","6","3","1",,"340","3","51",,,,,"10081",,,"8","270",,"250","243",,,,,"A",,"A","A",,,,,,,"333","61","798","172","5","1","2","1","F11111","11AAA1111A8AAA","5",,,,,,,,,,,,
"C6SW3","2020-02-13T15:00:00","-6.20","111.60",,,"1","5","2","5","6","3","1",,"340","3","26",,,,,"10081",,,"8","270",,"250","243",,,,,"A",,"A","A",,,,,,,"333","61","798","172","5","1","2","1","F11111","11AAA1111A8AAA","5",,,,,,,,,,,,
"C6SW3","2020-02-13T16:00:00","-6.20","111.40",,,"1","5","2","5","6","3","1",,"270","3","26",,,,,"10081",,,"8","270",,"260","257",,,,,"A",,"A","A",,,,,,,"333","61","798","172","5","1","2","1","F11111","11AAA1111A8AAA","5",,,,,,,,,,,,
"C6SW3","2020-02-13T17:00:00","-6.20","111.40",,,"1","5","2","5","6","3","1",,"270","3","41",,,,,"10091",,,"8","260",,"240","232",,,,,"A",,"A","A",,,,,,,"333","61","798","172","5","1","2","1","F11111","11AAA1111A8AAA","5",,,,,,,,,,,,
"C6SW3","2020-02-13T18:00:00","-6.10","110.90",,,"1","5","2","5","6","3","1",,"270","3","62",,,,,"10091",,,"8","260",,"240","232",,,,,"A",,"A","A",,,,,,,"333","60","798","172","5","1","2","1","F11111","11AAA1111A8AAA","5",,,,,,,,,,,,
"C6SW3","2020-02-13T19:00:00","-6.20","110.70",,,"1","5","2","5","5","3","1",,"270","3","62",,,,,"10091",,,"8","260",,"240","232",,,,,"A",,"A","A",,,,,,,"333","60","798","172","5","1","2","1","F11111","11AAA1111A8AAA","5",,,,,,,,,,,,
"C6SW3","2020-02-13T20:00:00","-6.20","110.60",,,"1","5","2","5","5","3","1",,"270","3","62",,,,,"10091",,,"8","260",,"240","232",,,,,"A",,"A","A",,,,,,,"333","60","798","172","5","1","2","1","F11111","11AAA1111A8AAA","5",,,,,,,,,,,,
"C6SW3","2020-02-13T21:00:00","-6.40","110.40",,,"1","5","2","5","5","3","1",,"270","3","62",,,,,"10091",,,"8","260",,"240","232",,,,,"A",,"A","A",,,,,,,"333","60","798","172","5","1","2","1","F11111","11AAA1111A8AAA","5",,,,,,,,,,,,
"C6SW3","2020-02-13T22:00:00","-6.80","110.40",,,"1","5","2","5","9","3","1",,"270","3","62",,,,,"10091",,,"8","260",,"240","232",,,,,"A",,"A","A",,,,,,,"333","60","798","172","5","1","2","1","F11111","11AAA1111A8AAA","5",,,,,,,,,,,,
"C6SW3","2020-02-13T23:00:00","-6.80","110.40",,,"1","5","2","5","9","3","1",,"270","3","62",,,,,"10091",,,"8","260",,"240","232",,,,,"A",,"A","A",,,,,,,"333","60","798","172","5","1","2","2","F11111","11AAA1111A8AAA","5",,,,,,,,,,,,
"C6SW3","2020-02-14T00:00:00","-6.80","110.40",,,"1","5","2","5","9","3","1",,"110","3","62",,,,,"10091",,,"8","270",,"250","243",,,,,"A",,"A","A",,,,,,,"333","60","798","172","5","1","2","2","F12111","11AAA1111A8AAA","5",,,,,,,,,,,,
"C6SW3","2020-02-14T01:00:00","-6.80","110.40",,,"1","5","2","5","9","3","1",,"110","3","62",,,,,"10091",,,"8","270",,"250","243",,,,,"A",,"A","A",,,,,,,"333","60","798","172","5","1","2","2","F12111","11AAA1111A8AAA","5",,,,,,,,,,,,
"C6SW3","2020-02-14T02:00:00","-6.80","110.40",,,"1","5","2","5","9","3","1",,"110","3","62",,,,,"10091",,,"8","280",,"250","239",,,,,"A",,"A","A",,,,,,,"333","60","798","172","5","1","2","2","F12111","11AAA1111A8AAA","5",,,,,,,,,,,,
"C6SW3","2020-02-14T03:00:00","-6.80","110.40",,,"1","5","2","5","9","3","1",,"280","3","62",,,,,"10091",,,"8","280",,"250","239",,,,,"A",,"A","A",,,,,,,"333","60","798","172","5","1","2","2","F11111","11AAA1111A8AAA","5",,,,,,,,,,,,
"C6SW3","2020-02-14T04:00:00","-6.80","110.40",,,"1","5","2","5","9","3","1",,"280","3","62",,,,,"10091",,,"8","280",,"250","239",,,,,"A",,"A","A",,"6","1","30","6","1","333","60","798","172","5","1","2","2","F11111","11AAA1111A811A","5",,,,,,,,,,,,
"C6SW3","2020-02-14T05:00:00","-6.80","110.40",,,"1","5","2","5","9","3","1",,"310","3","62",,,,,"10081",,,"8","300",,"280","274",,,,,"A",,"A","A",,"6","1","30","6","1","333","60","798","172","5","1","2","2","F11111","11AAA1111A811A","5",,,,,,,,,,,,
"C6SW3","2020-02-14T06:00:00","-6.80","110.40",,,"1","5","2","5","9","3","1",,"310","3","62",,,,,"10081",,,"8","300",,"280","274",,,,,"A",,"A","A",,"6","1","30","6","1","333","60","798","172","5","1","2","2","F11111","11AAA1111A811A","5",,,,,,,,,,,,
"VRFT7","2020-02-14T06:00:00","-1.10","118.90",,,"1","6","2","5","4","4","1",,"280","4","15","1","98","2","2","10079","7","27","8","310",,"276","265","1","284","4","4","4","4","A","A",,"4","1",,,,"333","18","798","172","5","1","2","2","111111","111111111111A1","5",,"1",,,,,,,,,,
"C6SW3","2020-02-14T07:00:00","-6.80","110.40",,,"1","5","2","5","9","3","1",,"310","3","62",,,,,"10071",,,"8","270",,"250","243",,,,,"A",,"A","A",,"6","1","30","6","1","333","60","798","172","5","1","2","2","F11111","11AAA1111A811A","5",,,,,,,,,,,,
"C6SW3","2020-02-14T08:00:00","-6.80","110.40",,,"1","5","2","5","9","3","1",,"310","3","62",,,,,"10071",,,"8","270",,"250","243",,,,,"A",,"A","A",,"6","1","30","6","1","333","60","798","172","5","1","2","2","F11111","11AAA1111A811A","5",,,,,,,,,,,,
"C6SW3","2020-02-14T09:00:00","-6.80","110.40",,,"1","5","2","5","9","3","1",,"290","3","103",,,,,"10061",,,"8","240",,"220","211",,,,,"A",,"A","A",,"6","1","30","6","1","333","60","798","172","5","1","2","2","F41111","11AAA1111A811A","5",,,,,,,,,,,,
"C6SW3","2020-02-14T10:00:00","-6.90","110.40",,,"1","5","2","5","9","3","1",,"290","3","103",,,,,"10061",,,"8","240",,"220","211",,,,,"A",,"A","A",,"6","1","30","6","1","333","60","798","172","5","1","2","2","F41111","11AAA1111A811A","5",,,,,,,,,,,,
"C6SW3","2020-02-14T11:00:00","-6.80","110.40",,,"1","5","2","5","7","2","1",,"290","3","103",,,,,"10061",,,"8","240",,"220","211",,,,,"A",,"A","A",,"6","1","30","6","1","333","60","798","172","5","1","2","1","F41111","11AAA1111A811A","5",,,,,,,,,,,,
"C6SW3","2020-02-14T12:00:00","-6.50","110.10",,,"1","5","2","5","7","4","1",,"290","3","103",,,,,"10061",,,"8","240",,"220","211",,,,,"A",,"A","A",,"6","1","30","6","1","333","60","798","172","5","1","2","1","F41111","11AAA1111A811A","5",,,,,,,,,,,,
"VRFT7","2020-02-14T12:00:00","-2.50","118.50",,,"1","6","2","5","4","4","1",,"320","4","51","1","98","2","2","10095","2","17","8","300",,"280","273","1","285",,,"A",,"A","A",,,,,,,"333","28","798","172","5","1","2","1","111111","11111111118AA1","5",,"2",,,,,,,,,,
"VRFT7","2020-02-14T18:00:00","-4.00","118.20",,,"1","4","0","0","5","4","1","0",,"1",,,"98","2","2","10079","7","7","0","300","0","280","273","1","285","0","0","0","9","0","0",,,,,,,"333","48","992","114","5","1","2","1","11FF11","11111111111AA1",,"1","2",,,,,,,,,,"4"
"VRFT7","2020-02-15T00:00:00","-5.20","117.30",,,"1","6","2","5","5","4","1",,"10","1","20","1","98","2","0","10115","2","20","8","290",,"270","263","1","289","4","3","4","5","1","0","0","0","0","36","0","0","333","57","798","172","5","1","2","2","111111","11111111111111","5",,"0",,,,,,,,,,
"VRFT7","2020-02-15T06:00:00","-6.60","116.60",,,"1","4","0","0","5","4","1","0",,"1",,,"98","2","0","10090","7","27","0","310","0","276","265","1","289","4","4","4","5","A","A",,"4","1",,,,"333","66","992","114","5","1","2","2","11FF11","111111111111A1",,"1","0",,,,,,,,,,"4"
"VRFT7","2020-02-15T12:00:00","-8.00","116.00",,,"1","6","2","5","5","4","1",,"10","4","41","1","98","2","1","10095","2","19","8","300",,"280","273","1","289",,,"A",,"A","A",,,,,,,"333","86","798","172","5","1","2","1","111111","11111111118AA1","5",,"1",,,,,,,,,,
"VRFT7","2020-02-15T18:00:00","-9.70","115.80",,,"1","6","2","5","4","4","1",,"270","4","93","1","98","2","2","10090","7","14","8","300",,"280","273","1","289","5",,"A","4","A","A",,,,,,,"333","95","798","172","5","1","2","1","111111","11111111111AA1","5",,"1",,,,,,,,,,
"9V7630","2020-02-16T01:00:00","-5.50","111.50",,,"1","5","2","5","9",,"1",,"60","4","51","1","98",,,,,,,,,,,,,"2",,,"8",,,,,,,,,"333","51","798","172","5","1","2","2","FF11FF","111AAAAAAA1AAA","5",,,,,,,,,,,,
"VRGM4","2020-02-18T04:00:00","-2.00","118.50",,,"1","6","2","5","4","3","1",,"340","4","57",,,,,"10150",,,"8","260",,"240","232","1","300",,,"A",,"A","A",,,,,,,"333","28","798","172","5","1","2","2","111151","11AAA111118AAA","5",,,,,,,,,,,,
"CQIG","2020-02-18T05:00:00","-4.90","110.20",,,"1","4","0","0","2","4","1","0","310","4","170",,"98",,"8","10120","5","10","0","290","0","260","249","3","290","6","6","5","4","0","0",,"4","4","0",,,"333","40","992","114","5","1","2","2","115411","111A1111111131",,"1","1","0",,,,,,,,,"4"
"VRDJ3","2020-02-18T06:00:00","-3.50","118.40",,,"1","4","0","0","5","4","1","0",,"1",,,"98","2","2","10059","7","24","0","296","0","268","238","1","296","7","7","6","6","9","A",,"2","1",,"5","2","333","38","992","114","5","1","2","2","11FF11","14111111111171",,"1","2",,,,,,,,,,"4"
"VRDJ3","2020-02-18T12:00:00","-4.80","117.60",,,"1","6","2","5","5","4","1",,"320","4","87","1","98","2","2","10060","3","30","8","280",,"260","253","3","293",,,"A",,"A","A",,,,,,,"333","47","798","172","5","1","2","1","111111","11111111118AA1","5",,"2",,,,,,,,,,
"VRDJ3","2020-02-18T18:00:00","-6.30","116.70",,,"1","6","2","5","5","4","1",,"300","4","103","1","98","13","2","10049","7","11","8","280",,"261","238","3","292",,,"A",,"A","A",,,,,,,"333","66","798","172","5","1","2","1","111111","11111111118AA1","5",,"2",,,,,,,,,,
"VRDJ3","2020-02-19T00:00:00","-7.80","116.10",,,"1","6","2","5","5","4","1",,"280","4","118","1","98","2","2","10050","2","15","8","285",,"265","257","3","291","7","4","7","2","7","2",,"2","1","28","4","2","333","76","798","172","5","1","2","2","111111","14111111111411","5",,"2",,,,,,,,,,
"9V2779","2020-02-19T02:00:00","-0.70","118.50",,,"1","6","2","5","4","3","1",,"30","4","41","1","97",,,"10104",,,"8","280",,"250","237","7","310","6","4","5","6","4","0",,,,,,,"333","8","798","172","5","1","2","2","311111","111AA111111AAA","5",,,,,,,,,,,,
"9V2779","2020-02-19T04:00:00","-1.10","118.50",,,"1","6","2","5","4","3","1",,"30","4","41","1","97",,,"10104",,,"8","280",,"250","237","7","310","6","4","5","6","4","0",,,,,,,"333","18","798","172","5","1","2","2","311111","111AA111111AAA","5",,,,,,,,,,,,
"CQIG","2020-02-19T04:00:00","-6.20","116.00",,,"1","4","0","0","2","3","1","0","310","4","154",,"97",,"5","10110","4","0","0","280","0","240","224","3","290","8",,"6","3","A","A",,"4","3","0",,,"333","66","992","114","5","1","2","2","111411","111A1111111131",,"1","2","0",,,,,,,,,"4"
"VRGM4","2020-02-19T05:00:00","-5.20","118.90",,,"1","6","2","5","9","0","1",,"270","4","82",,,,,"10120",,,"8","260",,"250","246","1","300",,,"A",,"A","A",,,,,,,"333","58","798","172","5","1","2","2","111111","11AAA111118AAA","5",,,,,,,,,,,,
"9V2779","2020-02-19T06:00:00","-1.50","118.50",,,"1","6","2","5","4","3","1",,"10","4","21","1","97","2",,"10104","4","0","8","320",,"290","279","7","320","6",,"A","A","A","A",,,,,,,"333","18","798","172","5","1","2","2","551111","1111A111111AA1","5",,,,,,,,,,,,
"MASKSTID","2020-02-19T06:00:00","-9.50","115.70",,,"1","4",,"0","4","4","2","0","300","4","108",,"98","3","2","10032","7","21",,"313","0","279","251","3","300","7","6","2","4","3","2",,"2","1","27","6","4","333","95","792","103","5","1","2","2","111121","11111111111111",,"1","2","0",,,,,,,,,"4"
"VRDJ3","2020-02-19T06:00:00","-9.50","115.70",,,"1","6","2","5","4","4","1",,"300","4","108","1","98","3","2","10032","7","21","8","313",,"279","251","3","300","7","6","2","4","3","2",,"2","1","27","6","4","333","95","798","172","5","1","2","2","111121","11111111111111","5",,"2",,,,,,,,,,
"9V2779","2020-02-19T08:00:00","-1.90","118.50",,,"1","6","2","5","4","3","1",,"50","4","15","1","97","2",,"10104","0","0","8",,,"320","314","7",,"6","6","A","A","A","A",,,,,,,"333","18","798","172","5","1","2","2","671111","1111A116691AA1","5",,,,,,,,,,,,
"C6SE7","2020-02-19T12:00:00","-9.50","117.40",,,"1","6","2","5","7","3","1",,"340","3","67",,,,,"10119",,,"8","280",,,,"3","300",,,"A",,"A","A",,,,,,,"333","97","798","172","5","1","2","1","11111F","11AAA11AA18AAA","5",,,,,,,,,,,,
"9V2779","2020-02-19T18:00:00","-3.80","118.20",,,"1","6","2","5","4","3","1",,"50","4","57","1","97","3",,"10104","0","0","8","280",,"260","252","7",,"5","5","A","4","A","A",,,,,,,"333","38","798","172","5","1","2","1","711111","1111A111111AA1","5",,,,,,,,,,,,
"9V2779","2020-02-19T20:00:00","-4.10","118.00",,,"1","6","2","5","4","3","1",,"50","4","62","1","97","3",,"10104","0","0","8","280",,"260","252","7","320","7","7","A","6","A","A",,,,,,,"333","48","798","172","5","1","2","1","512111","1111A111111AA1","5",,,,,,,,,,,,
"9V2779","2020-02-19T22:00:00","-4.40","117.70",,,"1","6","2","5","5","3","1",,"320","4","67","1","97",,,,,,"8","280",,"260","252","7","320","8","5","A","A","A","A",,"8","1",,,,"333","47","798","172","5","1","2","1","511171","111AA1111111AA","5",,,,,,,"0",,,,,
"9V2779","2020-02-20T06:00:00","-5.70","117.00",,,"1","6","2","5","4","3","1",,"360","4","26","1","97","3",,"10104","0","0","8","290",,"260","248","7","320","8",,"A","A","A","A",,,,,,,"333","57","798","172","5","1","2","2","511111","1111A111111AA1","5",,,,,,,,,,,,
"9V2779","2020-02-20T08:00:00","-6.00","116.80",,,"1","6","2","5","4","3","1",,,,,"1","98","2",,"10104","0","0","8","290",,"260","248","7","320","8",,"A","A","A","A",,,,,,,"333","66","798","172","5","1","2","2","51FF11","1A11A111111AA1","5",,,,,,,,,,,,
"9V2779","2020-02-20T12:00:00","-6.70","116.50",,,"1","6","2","5","4","3","1",,"290","4","103","1","97",,,,,,"8","260",,"250","246","7","320","8","5","A","A","A","A",,"7","2",,,,"333","66","798","172","5","1","2","1","511171","111AA6111111AA","5",,,,,,,"0",,,,,
"9V2779","2020-02-20T18:00:00","-7.70","116.20",,,"1","6","2","5","4","3","1",,"320","4","93","1","98","2",,"10104","0","0","8","270",,"260","256","7","320","8",,"A","A","A","A",,,,,,,"333","76","798","172","5","1","2","1","511111","1111A111111AA1","5",,,,,,,,,,,,
"9V2779","2020-02-20T20:00:00","-8.00","116.00",,,"1","6","2","5","4","3","1",,"320","4","98","1","98","2",,"10104","0","0","8","270",,"260","256","7","320","8",,"A","A","A","A",,,,,,,"333","86","798","172","5","1","2","1","311211","1111A111111AA1","5",,,,,,,,,,,,
"9V2779","2020-02-20T22:00:00","-8.20","115.90",,,"1","6","2","5","4","2","1",,"260","4","67","1","97",,,,,,"8","270",,"260","256","7","320","8","5","A","A","A","A",,"8","2",,,,"333","85","798","172","5","1","2","1","311171","111AA9111111AA","5",,,,,,,"0",,,,,
"9V2779","2020-02-21T06:00:00","-9.70","115.80",,,"1","6","2","5","4","3","1",,"270","4","87","1","98","3",,"10104","0","0","8","260",,"250","246","7","320","8",,"A","A","A","A",,,,,,,"333","95","798","172","5","1","2","2","311111","1111A111111AA1","5",,,,,,,,,,,,
"9V2779","2020-02-21T08:00:00","-10.00","115.80",,,"1","6","2","5","4","3","1",,"270","4","93","1","98","2",,"10104","4","0","8","270",,"250","241","7","320","8",,"A","A","A","A",,,,,,,"369","5","798","172","5","1","2","2","311111","1111A111111AA1","5",,,,,,,,,,,,
"V7NQ9","2020-02-21T08:00:00","-0.90","118.90",,,"1","6","2","5","4","3","1",,"30","3","93","1","97","3","1","10090",,,"8",,,"290","268","1","260","7","7","4","7","6","6",,"8","4","3","8","3","333","8","798","172","5","1","2","2","271212","1111116661111A","5",,"0",,,,,,,,,,
"V7NQ9","2020-02-21T12:00:00","-1.70","118.70",,,"1","6","2","5","4","3","1",,"20","3","77",,,,,"10120",,,"8","290",,"260","248","1","260",,,"A",,"A","A",,,,,,,"333","18","798","172","5","1","2","1","211111","11AAA111118AAA","5",,,,,,,,,,,,
"V7NQ9","2020-02-21T16:00:00","-2.40","118.60",,,"1","6","2","5","4","3","1",,"90","3","72",,,,,"10130",,,"8","280",,"260","252","1","260",,,"A",,"A","A",,,,,,,"333","28","798","172","5","1","2","1","114111","11AAA111118AAA","5",,,,,,,,,,,,
"V7NQ9","2020-02-21T20:00:00","-3.30","118.40",,,"1","6","2","5","5","3","1",,"360","3","62","1","97","2","0","10110",,,"8","280",,"260","252","1","260","8","8","7","6","A","A",,"6","2","36","6","2","333","38","798","172","5","1","2","1","111111","1111111111111A","5",,"0",,,,,,,,,,
"V7NQ9","2020-02-22T00:00:00","-3.70","117.70",,,"1","6","2","5","6","3","1",,"360","3","72",,,,,"10120",,,"8","290",,"260","248","1","270",,,"A",,"A","A",,,,,,,"333","37","798","172","5","1","2","2","111111","11AAA111118AAA","5",,,,,,,,,,,,
"V7NQ9","2020-02-22T04:00:00","-4.00","116.90",,,"1","6","2","5","5","3","1",,"360","3","98",,,,,"10130",,,"8","300",,"270","258","1","270",,,"A",,"A","A",,,,,,,"333","46","798","172","5","1","2","2","111411","11AAA111118AAA","5",,,,,,,,,,,,
"V7NQ9","2020-02-22T08:00:00","-4.30","116.20",,,"1","6","2","5","6","3","1",,"30","3","62","1","97","3","1","10090",,,"8","300",,"270","258","1","270","8","8","7","6","7","A",,"6","2","3","5","2","333","46","798","172","5","1","2","2","111111","1111111111111A","5",,"0",,,,,,,,,,
"V7NQ9","2020-02-22T16:00:00","-4.40","115.50",,,"1","6","2","5","9","0","1",,"360","3","57",,,,,"10120",,,"8","280",,"260","252","1","270",,,"A",,"A","A",,,,,,,"333","45","798","172","5","1","2","1","111111","11AAA111118AAA","5",,,,,,,,,,,,
"VRFT7","2020-02-22T18:00:00","-3.50","118.50",,,"1","4","0","0","1","4","1","0",,"1",,,"98","2","2","10096","7","20","0","280","0","260","253","1","286",,,,"A",,,,,,,,,"333","38","992","114","5","1","2","1","11FF11","14111111118AA1",,"1","1",,,,,,,,,,"4"
"V7NQ9","2020-02-22T20:00:00","-4.40","115.50",,,"1","4","0","0","0","0","1","0","360","3","51",,"98","2","0","10100",,,"0","290","0","270","262","1","270","8","8","7","6","A","A",,"5","1","0",,,"333","45","992","114","5","1","2","1","111111","1111111111113A",,"1","0","0",,,,,,,,,"4"
"VRFT7","2020-02-23T00:00:00","-1.90","118.70",,,"1","6","2","5","1","4","1",,"10","4","113","1","98","2","2","10109","2","16","8","290",,"270","263","1","279","5","3","1","4","3","8",,"4","2","1","5","3","333","18","798","172","5","1","2","2","111411","11111111111111","5",,"1",,,,,,,,,,
"2ICI2","2020-02-23T04:00:00","-6.50","114.00",,,"1","6","2","5","7","2","1",,"300","4","82","1","98","2","5","10106","8","7","8","290",,"260","248","3","289","7",,"7","3","7","8",,"6","1","33","12","2","333","64","798","172","5","1","2","2","111111","11111111111111","5",,"2",,,,,,,,,,
"V7NQ9","2020-02-23T04:00:00","-4.40","115.50",,,"1","6","2","5","9","0","1",,"20","3","82",,,,,"10110",,,"8",,,"290","272","1","270",,,"A",,"A","A",,,,,,,"333","45","798","172","5","1","2","2","171211","11AAA111118AAA","5",,,,,,,,,,,,
"VRFT7","2020-02-23T06:00:00","-0.30","119.20",,,"1","6","2","5","8","4","1",,,"4",,"1","98","2","1","10084","7","27","8","290",,"270","263","1","280","1","2","4","4","0","0",,"4","2",,,,"333","9","798","172","5","1","2","2","111611","111111111141A1","5",,"0",,,,,,,,,,
"2ICI2","2020-02-23T08:00:00","-6.10","113.50",,,"1","6","2","5","7","3","1",,"300","4","87","1","98","2","0","10077","7","30","8","295",,"255","238","3","293","4","3","1","7","4","0",,,,,,,"333","63","798","172","5","1","2","2","111111","11111111111AA1","5",,"0",,,,,,,,,,
"V7NQ9","2020-02-23T08:00:00","-4.40","115.50",,,"1","6","2","5","9","0","1",,"340","3","93","1","98","1","1","10080",,,"8",,,,,"1","270","5","5","5","6","6","A",,"10","4","36","10","4","333","45","798","172","5","1","2","2","171216","1111119991111A","5",,"0",,,,,,,,,,
"2ICI2","2020-02-23T10:00:00","-5.80","113.10",,,"1","4","0","0","7","3","1","0","270","4","57",,"98","2","0","10076","0","0","0","300","0","260","243",,,"3",,"1","5","4","1",,"2","1","0",,,"333","53","992","114","5","1","2","2","F11111","111111111A1131",,"1","0","0",,,,,,,,,"4"
"V7NQ9","2020-02-23T12:00:00","-4.40","115.50",,,"1","6","2","5","9","0","1",,"230","3","72",,,,,"10090",,,"8","320",,"280","265","1","270",,,"A",,"A","A",,,,,,,"333","45","798","172","5","1","2","1","151311","11AAA111118AAA","5",,,,,,,,,,,,
"V7NQ9","2020-02-23T16:00:00","-4.40","115.50",,,"1","6","2","5","9","0","1",,"20","3","67",,,,,"10100",,,"8","300",,"270","258","1","270",,,"A",,"A","A",,,,,,,"333","45","798","172","5","1","2","1","111111","11AAA111118AAA","5",,,,,,,,,,,,
"V7NQ9","2020-02-23T20:00:00","-4.40","115.50",,,"1","6","2","5","9","0","1",,"360","3","93","1","98","1","1","10080",,,"8","290",,"270","262","1","270","3","3","1","6","4","A",,"9","3","36","10","4","333","45","798","172","5","1","2","1","111211","1111111111111A","5",,"0",,,,,,,,,,
"V7NQ9","2020-02-24T00:00:00","-4.40","115.50",,,"1","6","2","5","9","0","1",,"360","3","98",,,,,"10100",,,"8","320",,"280","265","1","270",,,"A",,"A","A",,,,,,,"333","45","798","172","5","1","2","2","151411","11AAA111118AAA","5",,,,,,,,,,,,
"VRDJ3","2020-02-24T00:00:00","-9.10","115.70",,,"1","6","2","5","8","4","1",,"30","4","77","1","98","3","0","10050","2","30","8","290",,"260","248","3","290","3","2","2","2","6","0",,"2","1","18","7","3","333","95","798","172","5","1","2","2","111211","11111111111111","5",,"2",,,,,,,,,,
"V7NQ9","2020-02-24T04:00:00","-4.40","115.50",,,"1","6","2","5","9","0","1",,"20","3","93",,,,,"10100",,,"8",,,"300","287","1","270",,,"A",,"A","A",,,,,,,"333","45","798","172","5","1","2","2","171211","11AAA111118AAA","5",,,,,,,,,,,,
"VRDJ3","2020-02-24T06:00:00","-7.30","116.30",,,"1","6","2","5","8","4","1",,"300","4","72","1","98","3","2","10038","7","20","8","280",,"266","240","3","289","7","7","0","8","9","7",,"2","1","27","4","2","333","76","798","172","5","1","2","2","111121","11111111111111","5",,"2",,,,,,,,,,
"V7NQ9","2020-02-24T08:00:00","-4.40","115.50",,,"1","6","2","5","9","0","1",,"50","3","98","1","98","1","0","10070",,,"8",,,,,"1","270","2","2","1","6","A","5",,"9","4","5","8","4","333","45","798","172","5","1","2","2","174116","1111119991111A","5",,"0",,,,,,,,,,
"V7NQ9","2020-02-24T12:00:00","-4.40","115.50",,,"1","6","2","5","9","0","1",,"20","3","98",,,,,"10090",,,"8","320",,"260","234","1","270",,,"A",,"A","A",,,,,,,"333","45","798","172","5","1","2","1","151214","11AAA111118AAA","5",,,,,,,,,,,,
"VRDJ3","2020-02-24T12:00:00","-5.80","116.90",,,"1","6","2","5","1","4","1",,"230","4","77","1","98","63","6","10045","2","15","8","290",,"270","262","3","292","8","6","2","2","A","A",,,,,,,"333","56","798","172","5","1","2","1","111311","11131111111AA1","5",,"2",,,,,,,,,,
"V7NQ9","2020-02-24T16:00:00","-4.00","115.60",,,"1","6","2","5","8","2","1",,"360","3","62",,,,,"10100",,,"8","300",,"280","273","1","270",,,"A",,"A","A",,,,,,,"333","45","798","172","5","1","2","1","111111","11AAA111118AAA","5",,,,,,,,,,,,
"VRDJ3","2020-02-24T18:00:00","-4.10","117.90",,,"1","6","2","5","1","4","1",,"20","4","77","1","98","13","1","10040","7","15","8","286",,"260","248","3","293",,,"A",,"A","A",,,,,,,"333","47","798","172","5","1","2","1","111121","11111111118AA1","5",,"1",,,,,,,,,,
"V7NQ9","2020-02-24T22:00:00","-3.90","115.70",,,"1","4","0","0","0","0","1","0","360","3","62",,"97","3","1","10070",,,"0","290","0","270","262","1","270","4","4","4","7","4","A",,"6","2","0",,,"333","35","992","114","5","1","2","1","111211","1111111111113A",,"1","0","0",,,,,,,,,"4"
"VRDJ3","2020-02-25T00:00:00","-2.60","118.60",,,"1","6","2","5","8","4","1",,,"4",,"1","97","65","2","10050","2","20","8","260",,"260","260","3","287","8","6","7","1","A","A",,"4","2","36","6","3","333","28","798","172","5","1","2","2","116113","11131111111111","5",,"6",,,,,,,,,,
"VRDJ3","2020-02-25T06:00:00","-0.90","118.40",,,"1","6","2","5","1","4","1",,,"4",,"1","98","2","0",,"7","25","8","294",,"270","247","3","284","3","1","0","9","3","2",,"4","2","36","6","5","333","8","798","172","5","1","2","2","114661","11111111111111","5",,"0",,,,,,,,,,
"V7NQ9","2020-02-25T10:00:00","-3.90","115.70",,,"1","4","0","0","0","0","1","0","360","3","57",,"97","3","1","10070",,,"0","310","0","270","254","1","270","8","8","7","7","7","A",,"6","2","0",,,"333","35","992","114","5","1","2","2","111111","1111111111113A",,"1","0","0",,,,,,,,,"4"
"V7NQ9","2020-02-25T22:00:00","-3.90","115.70",,,"1","4","0","0","0","0","1","0","270","3","26",,"98","2","0","10090",,,"0","280","0","260","252","1","270","7","7","8","6","6","A",,"3","1","0",,,"333","35","992","114","5","1","2","1","111111","1111111111113A",,"1","0","0",,,,,,,,,"4"
"DEBE2","2020-02-26T00:00:00","-6.20","111.10",,,"1","6","2","5","2","4","1",,"290","3","67","1","98","1","2","10090","4","0","8","285",,"255","244","1","280","4","3","2","4","3","6",,"10","2",,,,"333","61","798","172","5","1","2","2","111111","111111111111A1","5",,"2",,,,,,,,,,
"V7NQ9","2020-02-26T10:00:00","-3.90","115.70",,,"1","4","0","0","0","0","1","0","270","3","51",,"98","3","1","10080",,,"0",,"0","290","272","1","270","7","7","8","6","7","A",,"6","2","0",,,"333","35","992","114","5","1","2","2","171111","1111111111113A",,"1","0","0",,,,,,,,,"4"
"V7NQ9","2020-02-26T22:00:00","-3.90","115.70",,,"1","4","0","0","0","0","1","0","360","3","51",,"97","2","1","10080",,,"0","280","0","260","252","1","260","8","8","7","5","7","A",,"5","1","0",,,"333","35","992","114","5","1","2","1","211111","1111111111113A",,"1","0","0",,,,,,,,,"4"
"2ICI6","2020-02-26T23:00:00","-9.70","116.00",,,"1","6","2","5","7","3","1",,"250","4","57","1","98","2","2","10078","3","6","8","295",,"285","281","3","295","7","5","2","2","6","4",,"3","2","26","3","2","333","96","798","172","5","1","2","2","111111","11111111111111","5",,"2",,,,,,,,,,
"V7NQ9","2020-02-27T10:00:00","-3.90","115.70",,,"1","4","0","0","0","0","1","0","30","3","31",,"98","2","0","10080",,,"0",,"0","300","283","1","270","8","8","7","6","7","A",,"3","0","0",,,"333","35","992","114","5","1","2","2","171111","1111116661113A",,"1","0","0",,,,,,,,,"4"
"DEBE2","2020-02-27T12:00:00","-5.60","111.50",,,"1","6","2","5","7","3","1",,"290","3","72","1","98","2","1","10080","4","0","8","290",,"250","235","1","280","6","4","9","6","6","5",,"5","1",,,,"333","51","798","172","5","1","2","1","111111","111111111111A1","5",,"1",,,,,,,,,,
"MAOR4","2020-02-27T16:00:00","-4.40","110.40",,,"1","6","2","5","3","4","1",,"340","4","103","1","98","3","2","10109",,,"8","280",,"260","252","1","297",,,"A",,"A","A",,"10","2",,,,"333","40","798","172","5","1","2","1","111411","111111111181AA","5",,"2",,,,,,,,,,
"DEBE2","2020-02-27T18:00:00","-4.60","110.60",,,"1","6","2","5","7","3","1",,"280","3","82","1","98","2","0","10100","8","10","8","287",,"265","258","1","280","2","2","4","2","0","0",,"3","1",,,,"333","40","798","172","5","1","2","1","111111","111111111111A1","5",,"0",,,,,,,,,,
"MAOR4","2020-02-27T18:00:00","-4.70","111.00",,,"1","5","2","5","3","4","1",,"250","4","77","1","98","3","1","10094","8","15","8","285",,"260","250",,,,,"A",,"A","A",,,,,,,"333","41","798","172","5","1","2","1","F11111","111111111A8AA1","5",,"1",,,,,,,,,,
"MASKSTID","2020-02-27T18:00:00","-4.60","110.60",,,"1","4",,"0","7","3","2","0","280","3","82",,"98","2","0","10100","8","10",,"287","0","265","258","1","280","2","2","4","2","0","0",,"3","1",,,,"333","40","792","103","5","1","2","1","111111","111111111111A1",,"1","0",,,,,,,,,,"4"
"2ICI6","2020-02-27T22:00:00","-6.10","113.80",,,"1","4","0","0","7","3","1","0","280","4","62",,"98","2","2","10080","3","1","0","295","0","265","253","3","292","6","5","2","4","6","2",,"2","1","38","3","2","333","63","992","114","5","1","2","1","111111","11111111111111",,"1","2",,,,,,,,,,"4"
"MAOR4","2020-02-27T22:00:00","-5.10","112.00",,,"1","6","2","5","2","4","1",,"320","4","108","1","98",,"0","10077","6","10","8","280",,"257","247","1","296",,,"A",,"A","A",,"5","1",,,,"333","52","798","172","5","1","2","1","111211","111A11111181A1","5",,"0",,,,,,,,,,
"V7NQ9","2020-02-27T22:00:00","-3.90","115.70",,,"1","4","0","0","0","0","1","0","360","3","31",,"97","92","1","10080",,,"0","270","0","230","210","1","250","8","8","7","5","7","A",,"3","0","0",,,"333","35","992","114","5","1","2","1","411111","1111111111113A",,"1","0","0",,,,,,,,,"4"
"MAOR4","2020-02-28T00:00:00","-5.30","112.50",,,"1","4","0","0","3","4","1","0","310","4","113",,"98","3","2","10088","7",,"0","280","0","265","259","1","296","7","6","4","A","4","A",,"10","1","0",,,"333","52","992","114","5","1","2","2","111111","14111111111437",,"1","2","0",,,,,,,,,"4"
"2ICI6","2020-02-28T04:00:00","-5.40","112.90",,,"1","6","2","5","7","3","1",,"290","4","51","1","98","3","2","10092","7","4","8","305",,"270","256","3",,"5","4","4","5","6","A","0","0","0","29","5","1","333","52","798","172","5","1","2","2","711111","11111111111111","5",,"2",,,,,,,,,,
"MAOR4","2020-02-28T05:00:00","-6.10","113.80",,,"1","6","2","5","3","4","1",,"320","4","36","1","98","3","2","10086","8","13","8","310",,"275","261","1","302","7","5","3","6","7","8",,,,"27","6","1","333","63","798","172","5","1","2","2","111111","11111111111A11","5",,"2",,,,,,,,,,
"C6BC8","2020-02-28T09:00:00","-4.20","110.00",,,"1","6","2","5","3","2","1",,"320","4","82","1","98","2","0","10093","5","0","8","300",,"260","243","1","290","4","3","2","5","8","2",,"5","2","31","5","4","333","40","798","172","5","1","2","2","111111","11111111111111","5",,"0","35","5","2",,,,,,,
"C6BC8","2020-02-28T10:00:00","-4.30","110.10",,,"1","6","2","5","3","2","1",,"320","4","82","1","98","2","0","10093","5","0","8","300",,"260","243","1","290","4","3","2","5","8","2",,"5","2","31","5","4","333","40","798","172","5","1","2","2","111111","11111111111111","5",,"0","35","5","2",,,,,,,
"V7NQ9","2020-02-28T10:00:00","-3.90","115.70",,,"1","4","0","0","0","0","1","0","320","3","51",,"97","3","1","10070",,,"0","330","0","270","246","1","270","6","6","4","6","6","A",,"5","1","0",,,"333","35","992","114","5","1","2","2","151112","1111111111113A",,"1","0","0",,,,,,,,,"4"
"C6BC8","2020-02-28T11:00:00","-4.40","110.30",,,"1","6","2","5","2","2","1",,"320","4","82","1","98","2","0","10096","3","6","8","300",,"260","243","1","290","4","3","2","5","8","2",,"5","2","31","5","4","333","40","798","172","5","1","2","1","111111","11111111111111","5",,"0","35","5","2",,,,,,,
"MAOR4","2020-02-28T11:00:00","-7.30","115.10",,,"1","6","2","5","3","4","1",,"20","4","98","1","98",,"0","10070","3","14","8","291",,"269","260","1","298",,,"A",,"A","A",,"5","1",,,,"333","75","798","172","5","1","2","1","111411","111A11111181A1","5",,"0",,,,,,,,,,
"C6BC8","2020-02-28T12:00:00","-4.50","110.50",,,"1","6","2","5","2","2","1",,"320","4","82","1","98","2","0","10102","3","13","8","300",,"260","243","1","290","4","3","2","5","8","2",,"5","2","31","5","4","333","40","798","172","5","1","2","1","111111","11111111111111","5",,"0","35","5","2",,,,,,,
"MAOR4","2020-02-28T13:00:00","-7.60","115.30",,,"1","6","2","5","3","4","1",,"10","4","93","1","98","0","0","10071",,,"8","290",,"265","255","1","296",,,"A",,"A","A",,"10","2",,,,"333","75","798","172","5","1","2","1","111211","111111111181AA","5",,"0",,,,,,,,,,
"C6BC8","2020-02-28T14:00:00","-4.50","110.70",,,"1","6","2","5","2","2","1",,"310","3","82","1","98","1","2","10112","2","16","8","280",,"260","252","1","290","1","0","0","9","1","5","0","0","0",,,,"333","40","798","172","5","1","2","1","111111","111111111111A1","5",,"1",,,,,,,,,,
"MAOR4","2020-02-28T19:00:00","-9.10","115.60",,,"1","6","2","5","4","3","1",,"270","4","72","1","97","63","1","10061","8","18","8","280",,"265","259","1","297","8",,"A","A","A","A",,,,,,,"333","95","798","172","5","1","2","1","111111","11131111111AA1","5",,"1",,,,,,,,,,
"C6BC8","2020-02-28T20:00:00","-4.80","111.70",,,"1","6","2","5","2","2","1",,"270","4","72","1","98","2","2","10086","8","28","8","280",,"260","252","1","290","6","5","2","4","9","1",,"5","2","27","5","2","333","41","798","172","5","1","2","1","111111","11111111111111","5",,"2","32","5","1",,,,,,,
"C6BC8","2020-02-28T21:00:00","-4.80","111.90",,,"1","6","2","5","2","2","1",,"270","4","72","1","98","2","2","10092","5","14","8","280",,"260","252","1","290","6","5","2","4","9","1",,"5","2","27","5","2","333","41","798","172","5","1","2","1","111111","11111111111111","5",,"2","32","5","1",,,,,,,
"C6BC8","2020-02-28T22:00:00","-4.80","112.10",,,"1","6","2","5","2","2","1",,"270","4","72","1","98","2","2","10098","5","3","8","280",,"260","252","1","290","6","5","2","4","9","1",,"5","2","27","5","2","333","42","798","172","5","1","2","1","111111","11111111111111","5",,"2","32","5","1",,,,,,,
"MAOR4","2020-02-28T22:00:00","-10.00","115.70",,,"1","6","2","5","4","3","1",,"50","4","108","1","97","60","6","10067","3","13","8","265",,"254","249","1","299","7","4","4","4","6","0",,"5","2","20","12","3","369","5","798","172","5","1","2","1","112211","11111111111111","5",,"2",,,,,,,,,,
"C6BC8","2020-02-28T23:00:00","-4.80","112.30",,,"1","6","2","5","2","2","1",,"270","4","72","1","98","2","2","10101","3","12","8","280",,"260","252","1","290","6","5","2","4","9","1",,"5","2","27","5","2","333","42","798","172","5","1","2","2","111111","11111111111111","5",,"2","32","5","1",,,,,,,
"C6BC8","2020-02-29T00:00:00","-5.00","112.40",,,"1","6","2","5","2","2","1",,"270","4","72","1","98","2","2","10106","3","13","8","280",,"260","252","1","290","6","5","2","4","9","1",,"5","2","27","5","2","333","52","798","172","5","1","2","2","111111","11111111111111","5",,"2","32","5","1",,,,,,,
"C6BC8","2020-02-29T02:00:00","-5.10","112.60",,,"1","4","0","0","3","2","1","0","280","3","51",,"98","3","2","10114","0","12","0","285","0","260","250","1","290","8","7","2","4","1","7",,"20","0","0",,,"333","52","992","114","5","1","2","2","111111","11111111111831",,"1","1","0",,,,,,,,,"4"
"C6BC8","2020-02-29T05:00:00","-5.40","113.00",,,"1","6","2","5","3","2","1",,"350","3","72","1","98","25","2","10103","8","11","8","270",,"250","241","1","280","8","8","7","3","A","A","0","5","0","35","10","1","333","53","798","172","5","1","2","2","111111","11111111111311","5",,"2",,,,,,,,,,
"C6BC8","2020-02-29T08:00:00","-5.80","113.40",,,"1","6","2","5","2","2","1",,"280","4","51","1","97","50","5","10085","8","14","8","260",,"250","246","1","290","8","8","7","3","2","0",,"5","2","28","5","2","333","53","798","172","5","1","2","2","111111","11111111111111","5",,"2","24","5","1",,,,,,,
"C6BC8","2020-02-29T09:00:00","-5.80","113.60",,,"1","6","2","5","2","2","1",,"280","4","51","1","97","50","5","10080","8","13","8","260",,"250","246","1","290","8","8","7","3","2","0",,"5","2","28","5","2","333","53","798","172","5","1","2","2","111111","11111111111111","5",,"2","24","5","1",,,,,,,
"C6BC8","2020-02-29T10:00:00","-5.80","113.80",,,"1","6","2","5","2","2","1",,"280","4","51","1","97","50","5","10078","8","15","8","260",,"250","246","1","290","8","8","7","3","2","0",,"5","2","28","5","2","333","53","798","172","5","1","2","2","111111","11111111111111","5",,"2","24","5","1",,,,,,,
"C6BC8","2020-02-29T11:00:00","-5.90","114.00",,,"1","6","2","5","2","2","1",,"280","4","51","1","97","50","5","10088","5","3","8","260",,"250","246","1","290","8","8","7","3","2","0",,"5","2","28","5","2","333","54","798","172","5","1","2","1","111111","11111111111111","5",,"2","24","5","1",,,,,,,
"C6BC8","2020-02-29T12:00:00","-5.90","114.10",,,"1","6","2","5","2","2","1",,"280","4","51","1","97","50","5","10099","3","23","8","260",,"250","246","1","290","8","8","7","3","2","0",,"5","2","28","5","2","333","54","798","172","5","1","2","1","111111","11111111111111","5",,"2","24","5","1",,,,,,,
"C6BC8","2020-02-29T14:00:00","-6.00","114.30",,,"1","6","2","5","2","2","1",,"270","3","51","1","98","1","9","10113","1","28","8","280",,"260","252","1","290","7","6","7","3","7","3","0","0","0",,,,"333","64","798","172","5","1","2","1","111111","111111111111A1","5",,"8",,,,,,,,,,
"C6BC8","2020-02-29T21:00:00","-7.20","115.00",,,"1","6","2","5","3","2","1",,"280","4","72","1","98","2","2","10100","3","8","8","280",,"270","266","1","290","6","5","6","3","7","2",,"5","2","27","5","2","333","75","798","172","5","1","2","1","111111","11111111111111","5",,"2",,,,,,,,,,
"C6BC8","2020-02-29T22:00:00","-7.30","115.20",,,"1","6","2","5","3","2","1",,"280","4","72","1","98","2","2","10100","3","8","8","280",,"270","266","1","290","6","5","6","3","7","2",,"5","2","27","5","2","333","75","798","172","5","1","2","1","111111","11111111111111","5",,"2",,,,,,,,,,
"V7NQ9","2020-02-29T22:00:00","-3.90","115.70",,,"1","4","0","0","0","0","1","0","30","3","46",,"97","2","0","10080",,,"0","290","0","240","216","1","260","8","8","7","5","A","A",,"5","1","0",,,"333","35","992","114","5","1","2","1","211112","1111111111113A",,"1","0","0",,,,,,,,,"4"
"C6BC8","2020-02-29T23:00:00","-7.50","115.30",,,"1","6","2","5","3","2","1",,"280","4","72","1","98","2","2","10099","0","12","8","280",,"270","266","1","290","6","5","6","3","7","2",,"5","2","27","5","2","333","75","798","172","5","1","2","2","111111","11111111111111","5",,"2",,,,,,,,,,
"MAQK9","2020-02-29T23:00:00","-4.40","112.00",,,"1","6","2","5","2","4","1",,"290","4","103","1","98","2","2","10072","4","0","8","280",,"260","252","1","300","6","5","4","6","4","0","0","3","0","5","3","1","333","42","798","172","5","1","2","2","111111","11111111111311","5",,"2",,,,,,,,,,
